FILENAME,THREAD,MAIL ARCHIVAL,DATE
16faa37b050fa8db5f6d09b0ca5c61ea,Working with Capacity Scheduler,http://mail-archives.apache.org/mod_mbox/hadoop-user/,201311
3c1eb0202b0ad9e761b81d08fbe17f26,issue with defaut yarn.application.classpath value from,http://mail-archives.apache.org/mod_mbox/hadoop-user/,201403
327fbd48482dfe53b0db3bcaa613d8b6,Moving a file to HDFS,http://mail-archives.apache.org/mod_mbox/hadoop-user/,201309
11a4648af4eaecbf1016d6240107931a,Yarn MapReduce Job Issue - AM Container launch error in Hadoop 2.3.0,http://mail-archives.apache.org/mod_mbox/hadoop-user/,201403
f2bbd0997accf7ad4d2a65a35b410434,org.apache.hadoop.io.compress.SnappyCodec not found,http://mail-archives.apache.org/mod_mbox/hadoop-user/,201408
dc22799f5a063cb587db729e34a58002,error running terasort,http://mail-archives.apache.org/mod_mbox/hadoop-user/,201303
e2c25f31eb9282320dd8ad30d79b6970,Datanodes shutdown and HBase's regionservers not working,http://mail-archives.apache.org/mod_mbox/hadoop-user/,201302
e0f863d0d107814e99d0f57a15995d1b,How to overwrite container-log4j.properties file,http://mail-archives.apache.org/mod_mbox/hadoop-user/,201409
726acccf76a3728a4ff8e3f82f42f8c4,Problems Starting NameNode on hadoop-2.2.0,http://mail-archives.apache.org/mod_mbox/hadoop-user/,201406
74b5c2762d7fa3c93a08b9401dce89fe,umount bad disk,http://mail-archives.apache.org/mod_mbox/hadoop-user/,201402
b765defe5aa64d345ea53e8ab49a0f1b,NFS Gateway readonly issue,http://mail-archives.apache.org/mod_mbox/hadoop-user/,201407
d9d2458dcb71746058f9c40120b6ae67,Hadoop failover doesn't take effect automatically when one namenode,http://mail-archives.apache.org/mod_mbox/hadoop-user/,201501
a3591c59580a756ab680cf31e4900784,Error when running examples,http://mail-archives.apache.org/mod_mbox/hadoop-user/,201404
2f02ded40d43a0fd34d129ce2aa16570,fair scheduler not working as intended,http://mail-archives.apache.org/mod_mbox/hadoop-user/,201408
a7f0f32014af0fe1ffd8a8052cdaf5fc,Pipes Property Not Passed In,http://mail-archives.apache.org/mod_mbox/hadoop-user/,201304
6a9be3a4dfc4b3d2c804e2e97d40426c,Help. Strange thing. It's block me 1 week....,http://mail-archives.apache.org/mod_mbox/hadoop-user/,201301
a6ad527f374b288d9e287cdccb061542,issue about run MR job use system user in CDH5,http://mail-archives.apache.org/mod_mbox/hadoop-user/,201407
50e247f4e61919a6d8e081d715596f5e,org.apache.hadoop.hdfs.server.protocol.DisallowedDatanodeException,http://mail-archives.apache.org/mod_mbox/hadoop-user/,201401
661d06a5211c536dea07266ca32d5398,=?gb2312?B?tPC4tDogQ2FuJ3QgZmluZCB0aGUgSm9iIFN0YXR1cyBpbiBXRUIgVUk=?=,http://mail-archives.apache.org/mod_mbox/hadoop-user/,201301
6e1ed2f540e132bded770a64d97e4e2d,hdfs over http error,http://mail-archives.apache.org/mod_mbox/hadoop-user/,201406
5c9dc57769637e45ed75a9f4d252da8a,Installed Hadoop on Linux server - not able to see web UI,http://mail-archives.apache.org/mod_mbox/hadoop-user/,201305
427130ddea4e77129858ac4d0f65b224,Automatically mapping a job submitted by a particular user to a,http://mail-archives.apache.org/mod_mbox/hadoop-user/,201304
bde322ac82cf01f57089ac745ca5d253,While Inserting data into hive Why I colud not able to query ?,http://mail-archives.apache.org/mod_mbox/hadoop-user/,201307
fcdde0868c4f6335cda742a6092f4a30,About connection to NameNode in NameNode-HA,http://mail-archives.apache.org/mod_mbox/hadoop-user/,201211
09481b88dfdcfe5c4e2c67a32c0693ad,Can't initialize cluster,http://mail-archives.apache.org/mod_mbox/hadoop-user/,201304
8e7348585528ecf01e7775141f3e1814,Container errors running Terasort,http://mail-archives.apache.org/mod_mbox/hadoop-user/,201511
da85f130870dc1f13f6912cd45ced6a3,Hadoop Mapreduce fails with permission management enabled,http://mail-archives.apache.org/mod_mbox/hadoop-user/,201303
b3c20c0289ed92092f7809c5e4f3587d,Adding new name node location,http://mail-archives.apache.org/mod_mbox/hadoop-user/,201304
8df9af616afdadc5807cf045f99e9102,teragen terasort fais for more than 5GB of data,http://mail-archives.apache.org/mod_mbox/hadoop-user/,201506
de16473d8a44e2a12553cfb0bbf92e6f,Is there any possible way to use hostname variable in mapred-site.xml,http://mail-archives.apache.org/mod_mbox/hadoop-user/,201308
938cc2da07c2e0db9e2e194fe496e763,default capacity scheduler only one job in running status,http://mail-archives.apache.org/mod_mbox/hadoop-user/,201311
bcad7ed6beaa4a44601c71402ac950ad,HDFS Startup Failure due to dfs.namenode.rpc-address and Shared,http://mail-archives.apache.org/mod_mbox/hadoop-user/,201308
06dc26ce36c4debab0b943d45faa23c7,AvatarNode configuration,http://mail-archives.apache.org/mod_mbox/hadoop-user/,201210
9172ee0d153382fe4f222452ca66de27,yarn-site.xml and aux-services,http://mail-archives.apache.org/mod_mbox/hadoop-user/,201306
883deb8f93eb05c608337337cf5e76cc,error while running reduce,http://mail-archives.apache.org/mod_mbox/hadoop-user/,201303
4f4800d1793e16978530041cfacd223f,mapred.tasktracker.map.tasks.maximum,http://mail-archives.apache.org/mod_mbox/hadoop-user/,201211
769940dcb617cf9846f66f4bc34e5b8c,Time until a datanode is marked as dead,http://mail-archives.apache.org/mod_mbox/hadoop-user/,201501
bb569249fe7a63378d56042af81a7b56,problem about starting datanode,http://mail-archives.apache.org/mod_mbox/hadoop-user/,201307
e32c579874c3f8a2f0d86c1c1543e3aa,"mapred job pending at ""Starting scan to move intermediate done files""",http://mail-archives.apache.org/mod_mbox/hadoop-user/,201410
9bf5f458ffcb15e81735e637e18366d6,"Long running Spark job on YARN throws ""No AMRMToken""",http://mail-archives.apache.org/mod_mbox/hadoop-user/,201602
0773bef4c554f84589e8f6b9b9d69de7,Error could only be replicated to 0 nodes instead of minReplication,http://mail-archives.apache.org/mod_mbox/hadoop-user/,201408
5ee3138c4d84ea4ff5717d620d15760d,maximum capacity of queue is not effecting beyond its capacity,http://mail-archives.apache.org/mod_mbox/hadoop-user/,201302
c449d1935a0be93cb1dc34a66f8d1c69,MapReduce jobs start only on the PC they are typed on,http://mail-archives.apache.org/mod_mbox/hadoop-user/,201410
818e08f99badcb75da85d5965d40b1f3,"about ""yarn.application.classpath""",http://mail-archives.apache.org/mod_mbox/hadoop-user/,201403
575dea6e1844c136514a87d56d23d466,running map task in remote node,http://mail-archives.apache.org/mod_mbox/hadoop-user/,201308
31550ca821654349f8e468034f0d33b6,Question on configuring Hadoop 2.6.0 with a different filesystem,http://mail-archives.apache.org/mod_mbox/hadoop-user/,201504
bda23f76c84e001d7719085e6d516b8d,Need help for hadoop,http://mail-archives.apache.org/mod_mbox/hadoop-user/,201304
658acce035399ae44ce9621d6f9ecbe3,"Hive partitioning , drop ,",http://mail-archives.apache.org/mod_mbox/hadoop-user/,201601
fc040c44cbf4988ede9b092d6581a12d,How to make the setting changes works,http://mail-archives.apache.org/mod_mbox/hadoop-user/,201304
59f51f49e07a4c7b090f0747b3e5bb79,C++ code with pipes and CLapack Libraries,http://mail-archives.apache.org/mod_mbox/hadoop-user/,201311
8e1e705b8d570bc0a2b4bb3ec67bcd23,lzo issue,http://mail-archives.apache.org/mod_mbox/hadoop-user/,201308
7e49af28a31fb5b1c982bb9066aab97d,Unable to create a directory in federated hdfs.,http://mail-archives.apache.org/mod_mbox/hadoop-user/,201309
0735f3713d92a1f460fe7c82e0dd069d,Hadoop 2.0.2 -- warnings,http://mail-archives.apache.org/mod_mbox/hadoop-user/,201210
d96d1cbc4ae1f3aa10ce415001ca9774,how to check hdfs,http://mail-archives.apache.org/mod_mbox/hadoop-user/,201503
b3bccc4f3f040076a42ed00a0e71184b,Rack-awareness in Hadoop-2.0.3-alpha,http://mail-archives.apache.org/mod_mbox/hadoop-user/,201305
7874498d8a17ef421b26bfc1fca78f62,Error after upgrading from CDH3 to CDH4,http://mail-archives.apache.org/mod_mbox/hadoop-user/,201301
b3a2a3b7c6e61472906d1f14e43beb8e,Datanode not allowed to connect to the Namenode in Hadoop 2.3.0,http://mail-archives.apache.org/mod_mbox/hadoop-user/,201408
3ff99b31e115bfe999d01253d925e73c,Can't find map or reduce logs when a job ends.,http://mail-archives.apache.org/mod_mbox/hadoop-user/,201503
2334ddb353fa5dca98593440e1683b5b,default config tweaks for a better out-of-the-box experience,http://mail-archives.apache.org/mod_mbox/hadoop-user/,201403
888ff9c11f07e2e82888f50b11c3cb18,=?gb2312?B?tPC4tDogR0Mgb3ZlcmhlYWQgbGltaXQgZXhjZWVkZWQ=?=,http://mail-archives.apache.org/mod_mbox/hadoop-user/,201403
7e5f9bf69c510761963997b854bdc071,=?windows-1252?Q?Re=3A_=93hadoop_namenode_-format=94_formats_wro?=,http://mail-archives.apache.org/mod_mbox/hadoop-user/,201302
71efc59d233e70fae1126b71efa8a8b1,How do I run ZKFC on a different node that is not the name node?,http://mail-archives.apache.org/mod_mbox/hadoop-user/,201512
73da2a6aa244976f5f8a34fef5203aa6,Redefine yarn.application.classpath value,http://mail-archives.apache.org/mod_mbox/hadoop-user/,201601
7a923cf96324f39dcb1fa7c7ec91547c,Namenode doesn't accurately know datanodes free-space,http://mail-archives.apache.org/mod_mbox/hadoop-user/,201310
4a4071d2e4cc74e5a41c23d631d34cfb,org.apache.hadoop.hdfs.server.protocol.DisallowedDatanodeExceptio,http://mail-archives.apache.org/mod_mbox/hadoop-user/,201401
4d7a251e63da4a3a0d966630307b327a,Hadoop on Safe Mode because Resources are low on NameNode,http://mail-archives.apache.org/mod_mbox/hadoop-user/,201408
b4bc604ea623ebbc995a5e169d40ff5b,adding another namenode to an existing hadoop instance,http://mail-archives.apache.org/mod_mbox/hadoop-user/,201502
ce8519d6a14248cd3789b2f838d549fc,Permission issues with HDFS NFS gateway,http://mail-archives.apache.org/mod_mbox/hadoop-user/,201412
2c815975000264abfed408ccae050ce8,S3 with Hadoop 2.5.0 - Not working,http://mail-archives.apache.org/mod_mbox/hadoop-user/,201409
3eec8d66efb7058d71f47ceeb389a8cd,Unable to connect Hive using JDBC program,http://mail-archives.apache.org/mod_mbox/hadoop-user/,201405
51ace929413b637d7444059f1d374fc6,Hadoop 2.4 + Hive 0.14 + Hbase 0.98.3 + snappy not working,http://mail-archives.apache.org/mod_mbox/hadoop-user/,201412
9c28d2dd22bc278f3ff985f91905a836,Problem accessing HDFS from a remote machine,http://mail-archives.apache.org/mod_mbox/hadoop-user/,201304
11eb1515d9b0c03b0743eebe4931c14d,Many Standby NameNodes for QJM HA,http://mail-archives.apache.org/mod_mbox/hadoop-user/,201308
b370e967adadd7c0149b18a0d152df84,Hadoop 0.23.3 and Amazon S3,http://mail-archives.apache.org/mod_mbox/hadoop-user/,201209
03898e330bd031c1d772eebf5219d0c4,Passing parameters to MapReduce through Oozie,http://mail-archives.apache.org/mod_mbox/hadoop-user/,201308
bd961bd5264b9cdd3d73773ebff9a25f,Long running Yarn Applications on a secured HA cluster?,http://mail-archives.apache.org/mod_mbox/hadoop-user/,201601
a22a40aa8d44452033d66b3967523c1c,Decomssion datanode - no response,http://mail-archives.apache.org/mod_mbox/hadoop-user/,201307
291c8c5e6a453869ebc43a35edb00850,Which replication value will be used,http://mail-archives.apache.org/mod_mbox/hadoop-user/,201407
ac093b75393a26da60e69128bc839c27,using yarn.nodemanager.container-monitor.resource-calculator.class,http://mail-archives.apache.org/mod_mbox/hadoop-user/,201312
6663189ecf463c2b5d79c28c4d80a24f,issue with permissions of mapred.system.dir,http://mail-archives.apache.org/mod_mbox/hadoop-user/,201210
b6cd7a40986fdfffa4f8b09371b0717d,JobCache directory cleanup,http://mail-archives.apache.org/mod_mbox/hadoop-user/,201301
fac235ec15ccbf125bf03105a1fe505c,task is still running on node has no disk space,http://mail-archives.apache.org/mod_mbox/hadoop-user/,201403
0c8e1d6448ae6595706f5fdd4bdf4c0a,Hadoop 2.4.1 Snappy Smoke Test failed,http://mail-archives.apache.org/mod_mbox/hadoop-user/,201408
164222493c231cdf4ea121e8d5ab18f4,keberos issue,http://mail-archives.apache.org/mod_mbox/hadoop-user/,201503
bae45aef9202ffb6ccc9e24d77dcde3b,hadoop cares about /etc/hosts ?,http://mail-archives.apache.org/mod_mbox/hadoop-user/,201309
67a59f48b883edb10cf2594e4680db8d,Bugs while installing apache hadoop 2.4.0,http://mail-archives.apache.org/mod_mbox/hadoop-user/,201407
bb55da85ac98974cf57859f28896ce3b,Hadoop 2.4 failed to launch job on aws s3n,http://mail-archives.apache.org/mod_mbox/hadoop-user/,201408
9e94e57bdd37c1178036c54246ee46f5,Hadoop Jobtracker heap size calculation and OOME,http://mail-archives.apache.org/mod_mbox/hadoop-user/,201310
b97d4382382d52d7788f655a7d3eadb5,org.apache.hadoop.yarn.exceptions.InvalidResourceRequestException,http://mail-archives.apache.org/mod_mbox/hadoop-user/,201505
56349721919fdec62414e8e25f6d3bd7,Can't run hadoop examples with YARN Single node cluster,http://mail-archives.apache.org/mod_mbox/hadoop-user/,201601
45f8ccc3edd276262b15825baee464de,hadoop on diskless cluster,http://mail-archives.apache.org/mod_mbox/hadoop-user/,201406
059273274c576e32acfde55275862958,running map tasks in remote node,http://mail-archives.apache.org/mod_mbox/hadoop-user/,201308
389f8b14f0aec285a385cf12b6931d01,How to restrict ephemral ports used by Yarn App Master,http://mail-archives.apache.org/mod_mbox/hadoop-user/,201408
13ed7c4c87aac40fd37fa7a63407bebd,Pig 0.14.0 on Hadoop 2.6.0 deprecation errors,http://mail-archives.apache.org/mod_mbox/hadoop-user/,201505
901137c557b3333d41834521efdb1e94,Datanode doesn't connect to Namenode,http://mail-archives.apache.org/mod_mbox/hadoop-user/,201308
4d3f50bc1eefdd65e2c8993b212dabb7,Hadoop Debian Package,http://mail-archives.apache.org/mod_mbox/hadoop-user/,201303
56d33cca8d2432f20a642d372abfbf29,Authentication for hdfs web interface,http://mail-archives.apache.org/mod_mbox/hadoop-user/,201511
3368ac19df4a8a2f9e57d1d22ed04320,Problem with RPC encryption over wire,http://mail-archives.apache.org/mod_mbox/hadoop-user/,201311
5a3980c89f78d36092b057c6d20266d3,"Install Pig -0,40,0",http://mail-archives.apache.org/mod_mbox/hadoop-user/,201505
0b67d2ad2ca188452902246ab0c18c1c,"When running Hadoop in pseudo-distributed mode, what directory should",http://mail-archives.apache.org/mod_mbox/hadoop-user/,201210
503ce595af13e5deac60ab25cb4b6656,using environment variables in XML conf files,http://mail-archives.apache.org/mod_mbox/hadoop-user/,201310
56b9a527efed9b17b75163d897191b08,XmlInputFormat Hadoop -Mapreduce,http://mail-archives.apache.org/mod_mbox/hadoop-user/,201312
c48954937e1c9e5ded70eb2195d6d783,Hadoop cluster setup - could not see second datanode,http://mail-archives.apache.org/mod_mbox/hadoop-user/,201303
a95774aff2816e13148e19836114be01,Hadoop 2.6 issue,http://mail-archives.apache.org/mod_mbox/hadoop-user/,201504
bd5b6e038abd43c184a456c480126fa2,"Datanode not starting on slaves, no error issue",http://mail-archives.apache.org/mod_mbox/hadoop-user/,201312
cb4bed9e7d94cf16610915d777d10726,Cannot start Data Node and Node Manager in Hadoop 2.2.0,http://mail-archives.apache.org/mod_mbox/hadoop-user/,201311
07d4ab2635dd76d03b23b1f857081b33,Failed to start datanode due to bind exception,http://mail-archives.apache.org/mod_mbox/hadoop-user/,201502
b923b54b2e544502040ba9d6da86a9f3,File is not written on HDFS after running libhdfs C API,http://mail-archives.apache.org/mod_mbox/hadoop-user/,201503
5014511a4f4be80339dbb353a7ddd63d,Configure ResourceManager to accept remote jobs,http://mail-archives.apache.org/mod_mbox/hadoop-user/,201505
94ccb0e2696392a6c45c7e3964f3f37e,HDFS Namenode Format Question.,http://mail-archives.apache.org/mod_mbox/hadoop-user/,201209
709b84afe322dcf50f06156c5364cd41,Can't see logs of a finished job.,http://mail-archives.apache.org/mod_mbox/hadoop-user/,201505
14ab4f77fefe332ef324b082a77f5e31,dfs.namenode.edits.dir and dfs.namenode.shared.edits.dir,http://mail-archives.apache.org/mod_mbox/hadoop-user/,201309
961cecf7064c16f033b80afc44c65e85,java.net.ConnectException when using Httpfs,http://mail-archives.apache.org/mod_mbox/hadoop-user/,201309
215c5a60f3c160bf7e9fb1ad3250590c,Namenode shutting down while creating cluster,http://mail-archives.apache.org/mod_mbox/hadoop-user/,201210
80939b521be46842a4a59b7aa3353d50,DataNode not starting in slave machine,http://mail-archives.apache.org/mod_mbox/hadoop-user/,201312
0e20534d6bf617ddb904d36a2e8fcb68,datanode can not start,http://mail-archives.apache.org/mod_mbox/hadoop-user/,201306
d7b831b6310c2513cfb22b6fb049f6a9,kerberos principal don't replace _HTTP to their own host name,http://mail-archives.apache.org/mod_mbox/hadoop-user/,201304
358c6e78b52de983b4dbfbd698b6ac3e,println in MapReduce job,http://mail-archives.apache.org/mod_mbox/hadoop-user/,201509
6d507b88e928bedfda7bf6ec5268b190,Problem when configure the security in hadoop,http://mail-archives.apache.org/mod_mbox/hadoop-user/,201507
179970f0631deda330a1314baa652b82,rack topology data update,http://mail-archives.apache.org/mod_mbox/hadoop-user/,201209
4fb6ddd80d9fe45c4af6865ba8db6f8b,dfs.client.domain.socket.data.traffic,http://mail-archives.apache.org/mod_mbox/hadoop-user/,201404
ad9d51e36c63adbc1dbe78b35804424c,cannot submit a job via java client in hadoop- 2.0.5-alpha,http://mail-archives.apache.org/mod_mbox/hadoop-user/,201307
5590b4d7e7aa95895f0dece8612b5991,final the dfs.replication and fsck,http://mail-archives.apache.org/mod_mbox/hadoop-user/,201210
c7b98b4281c4c6239824555b0326bfcb,Default address configuration of Yarn HA cluster,http://mail-archives.apache.org/mod_mbox/hadoop-user/,201506
b9c26406d86596da0af058157a1bafa5,=?GB2312?Q?Re=3A_=B4=F0=B8=B4=3A_Decomssion_datanode_=2D_no_response?=,http://mail-archives.apache.org/mod_mbox/hadoop-user/,201307
dce9d851e8da369eb23fd2a1705d71a4,QJM for federation,http://mail-archives.apache.org/mod_mbox/hadoop-user/,201307
aef3d9d355ab2df2e985dbc79e876174,JobToken not Found when Integrating Hadoop/Lustre,http://mail-archives.apache.org/mod_mbox/hadoop-user/,201212
4dc73cc2ec50d3b991a0758cad6dd909,webhdfs kerberos checksum failed,http://mail-archives.apache.org/mod_mbox/hadoop-user/,201306
e861961d986cc6a33fdc938206d05b7b,Datanode could not work for the ip is not the same as specified in,http://mail-archives.apache.org/mod_mbox/hadoop-user/,201411
fd0905eeaa3b21710dd19c904b1a7654,"issue of ""Log aggregation has not completed or is not enabled.""",http://mail-archives.apache.org/mod_mbox/hadoop-user/,201403
881f9bfb12a14df2259f3f7fa3510a64,Why is Hadoop always running just 4 tasks?,http://mail-archives.apache.org/mod_mbox/hadoop-user/,201312
ebeae081c2c8cecdee8ab2f9fdd4bca0,Finished Jobs web UI,http://mail-archives.apache.org/mod_mbox/hadoop-user/,201510
f912a29dcc83a13b787b8ba47712f212,Terasort's performance anomaly,http://mail-archives.apache.org/mod_mbox/hadoop-user/,201310
b16ba997315a311e5bf79299cc01899d,Can't find the Job Status in WEB UI,http://mail-archives.apache.org/mod_mbox/hadoop-user/,201301
863cf137561f92e3e95a57634e0d8edd,task tracker fails to start in one of the slave node,http://mail-archives.apache.org/mod_mbox/hadoop-user/,201401
787f3fc3b597b0aa267e2ef00ebce9fe,Getting hostname (or any environment variable) into *-site.xml files,http://mail-archives.apache.org/mod_mbox/hadoop-user/,201210
9a7ce4fe721ac4c2f46917b454803ea4,How to use Hadoop2 HA's logical name URL?,http://mail-archives.apache.org/mod_mbox/hadoop-user/,201310
8365d2a578ef67fc6cca9345aac24a7e,Classic(MapReduce 1) cluster in Hadoop 0.23 just won't listen,http://mail-archives.apache.org/mod_mbox/hadoop-user/,201210
9e590d8260bf2a521389e9cecbfae115,getimage failed in Name Node Log,http://mail-archives.apache.org/mod_mbox/hadoop-user/,201302
1851acb07be5bdf4579e805e3ecbb285,ApplicationMaster link on cluster web page does not work,http://mail-archives.apache.org/mod_mbox/hadoop-user/,201408
4e226007d466ebc830068d47b5a425ab,DataNode Timeout exceptions.,http://mail-archives.apache.org/mod_mbox/hadoop-user/,201505
ef319e65370395f8ec05e35a43e0e665,How to connect to hadoop through ssh tunnel and kerberos,http://mail-archives.apache.org/mod_mbox/hadoop-user/,201304
eddfeb72798fb7fcb37edb58c1cde8ce,How to configure nodemanager.health-checker.script.path,http://mail-archives.apache.org/mod_mbox/hadoop-user/,201403
9e1a4d77aa17088d432aebe5ebcf1786,cannot start tasktracker because java.lang.NullPointerException,http://mail-archives.apache.org/mod_mbox/hadoop-user/,201409
50f8852e7bf28adb905efdcb0a118e3a,Cannot fine profiling log file,http://mail-archives.apache.org/mod_mbox/hadoop-user/,201409
dde1a202a4c49facce1b6ba602bb0b61,In Yarn how to increase the number of concurrent applications for a,http://mail-archives.apache.org/mod_mbox/hadoop-user/,201409
a756296fb5adaf33fe83bfa17c984191,Another 1/1 local-dirs are bad,http://mail-archives.apache.org/mod_mbox/hadoop-user/,201503
14f9c0a1aea8a296f4b25bf0019d54f3,Switch and configure single node and cluster XML configuration,http://mail-archives.apache.org/mod_mbox/hadoop-user/,201401
0478a44b4cfa6631b06c59410e0f8823,"""Hive Metastore DB Issue ( Cloudera CDH4.1.2 MRv1 with",http://mail-archives.apache.org/mod_mbox/hadoop-user/,201302
61f7406435180b10aec454ab3590e310,Error while configuring HDFS fedration,http://mail-archives.apache.org/mod_mbox/hadoop-user/,201309
0c84b8894b56c5547369d9e9a354b29b,mapreduce.jobtracker.expire.trackers.interval no effect,http://mail-archives.apache.org/mod_mbox/hadoop-user/,201312
a6f7a3a3cab3cc79c74b47c8d93ffa94,=?GB2312?Q?Re=3A_=A1=BEdfs=2Enamenode=2Eshared=2Eedits=2Edir_can_support_dif?=,http://mail-archives.apache.org/mod_mbox/hadoop-user/,201307
23bfc641a7f6a28570c94e6f253edea5,dfs.permissions.superusergroup not working,http://mail-archives.apache.org/mod_mbox/hadoop-user/,201507
990b5e44ae8902e32dd2051fb6c2a513,understanding federation and mount points,http://mail-archives.apache.org/mod_mbox/hadoop-user/,201212
d051536b27bcb9822b6bf4b761017af1,Setting up HTTP authentication,http://mail-archives.apache.org/mod_mbox/hadoop-user/,201208
76f0a11b3ef20df3a9263f90d22e96b5,Node manager health checker opts,http://mail-archives.apache.org/mod_mbox/hadoop-user/,201303
521974f26535a5e0f49909decf751874,issue about remove yarn jobs history logs,http://mail-archives.apache.org/mod_mbox/hadoop-user/,201405
86b4cc88a6d70a62058f540b23687a7a,history server for 2 clusters,http://mail-archives.apache.org/mod_mbox/hadoop-user/,201402
461d25d9f70de8de261318d1e3e83272,I am about to lose all my data please help,http://mail-archives.apache.org/mod_mbox/hadoop-user/,201403
07fb6e62a53e0708d0c5a17c425ac612,"Still ""No groups available for user"". How to set groups in mapreduce",http://mail-archives.apache.org/mod_mbox/hadoop-user/,201505
7500ba38b9cb497f11f960e233337ee9,Hadoop configs,http://mail-archives.apache.org/mod_mbox/hadoop-user/,201211
f090ab56a133d262fff7bd5a32a6242b,Run mr example wordcount error on hadoop-2.0.1 alpha HA,http://mail-archives.apache.org/mod_mbox/hadoop-user/,201209
0c63bbeee6985083114f4a162ad2e7f6,=?UTF-8?Q?Re=3A_=E3=80=90dfs=2Enamenode=2Eshared=2Eedits=2Edir_can_support_dif?=,http://mail-archives.apache.org/mod_mbox/hadoop-user/,201307
5083a8f4141dc7eecf16b69088aab1dd,Permissions issue with launching MR job from Oozie shell,http://mail-archives.apache.org/mod_mbox/hadoop-user/,201411
22051a1eb92fdc115d760f57d3c2897e,can't copy between hdfs,http://mail-archives.apache.org/mod_mbox/hadoop-user/,201404
eb1012d18d7e7e9a051b53cc4879df32,changing split size in Hadoop configuration,http://mail-archives.apache.org/mod_mbox/hadoop-user/,201407
8af31913a3e61fd1013c9aeebe040972,Submit a Hadoop 1.1.1 job remotely to a Hadoop 2 cluster,http://mail-archives.apache.org/mod_mbox/hadoop-user/,201404
29d961d560595a0662b0b50f93f2cc58,Apache Hadoop 2.2 - Job execution error,http://mail-archives.apache.org/mod_mbox/hadoop-user/,201501
569e6123c6b92d3b8d0898cefe33a23f,Yarn job stuck with no application master being assigned,http://mail-archives.apache.org/mod_mbox/hadoop-user/,201306
21bac61e8494928adb53cd881e83257a,hadoop web UI security,http://mail-archives.apache.org/mod_mbox/hadoop-user/,201309
cdd08c7379d1f03470eac7f273ea8ec3,a question about dfs.replication,http://mail-archives.apache.org/mod_mbox/hadoop-user/,201307
a8fb6bbe24f9d491bc146f651d8f4cd3,high availability,http://mail-archives.apache.org/mod_mbox/hadoop-user/,201310
76fc9fac86b477870160adaaa8948528,unable to access using webhdfs in 0.23.3,http://mail-archives.apache.org/mod_mbox/hadoop-user/,201210
20f05cf0aa4fbd3f85787546b968ba11,=?UTF-8?Q?Re=3A_=E2=80=9Chadoop_namenode_=2Dformat=E2=80=9D_formats_wrong_dire?=,http://mail-archives.apache.org/mod_mbox/hadoop-user/,201302
d61840a17b7430bc2ea7f0a6dcd9f80e,=?utf-8?Q?Re=3A_after__QJM_failover=EF=BC=8Chbase__can_not__writ?=,http://mail-archives.apache.org/mod_mbox/hadoop-user/,201411
ad8f2382120a466a7f5f22d55cbc322d,Does Hadoop Require Public IP address to create a cluster.,http://mail-archives.apache.org/mod_mbox/hadoop-user/,201210
58f00e3e6053e1c519d5ab2995020059,mapred.tasktacker.reduce.tasks.maximum issue,http://mail-archives.apache.org/mod_mbox/hadoop-user/,201311
7883f18e546824a87d54ca0b2575660e,issue about run MR job use system user,http://mail-archives.apache.org/mod_mbox/hadoop-user/,201407
41e44c98cbe2f7647588ed0cde9a9864,Rack Aware Hadoop cluster,http://mail-archives.apache.org/mod_mbox/hadoop-user/,201305
347550734536ea7dba90887f75ac2459,DataNodes fail to send heartbeat to HA-enabled NameNode,http://mail-archives.apache.org/mod_mbox/hadoop-user/,201210
b0104d8f6a83f74c35448125724ea165,How does one make a hadoop task attempt to fail after too many data,http://mail-archives.apache.org/mod_mbox/hadoop-user/,201309
4ae29ec8974668814361cd96e90bf911,DFS Permissions on Hadoop 2.x,http://mail-archives.apache.org/mod_mbox/hadoop-user/,201306
a367f3ceeeb40bc3fd96906b3bcd6df7,access Permission issure,http://mail-archives.apache.org/mod_mbox/hadoop-user/,201308
dfe7c4b061c38f79b1534ebcb216bb22,namenode is failing,http://mail-archives.apache.org/mod_mbox/hadoop-user/,201302
06d99a7d149f8353c8a70a0cbaaa187b,GC overhead limit exceeded,http://mail-archives.apache.org/mod_mbox/hadoop-user/,201403
6dc8f25731b164dba904f28b515fc5ca,change cache path,http://mail-archives.apache.org/mod_mbox/hadoop-user/,201304
9574e7ccaa1bd8aa2d456b96a34828ea,config ... answer for Visioner Sadak,http://mail-archives.apache.org/mod_mbox/hadoop-user/,201211
b18c8f83fd2a938ff320e51bdc74b2e4,Yarn AM is abending job when submitting a remote job to cluster,http://mail-archives.apache.org/mod_mbox/hadoop-user/,201502
49792e93c52a25e76d0b3c7f7fd61ad9,HBASE Region server failing to start after Kerberos is enabled,http://mail-archives.apache.org/mod_mbox/hadoop-user/,201506
592aa2271690287e43b70a90d6d7f711,Submit Hive MR jobs to a remote Hadoop 2.4 cluster,http://mail-archives.apache.org/mod_mbox/hadoop-user/,201411
d356ae31d570e5b8b21dbc4b08243c67,Issue with third party library,http://mail-archives.apache.org/mod_mbox/hadoop-user/,201212
6b25cc3b0377c491f26f33f31de822d9,=?windows-1252?Q?Re=3A_=93hadoop_namenode_=2Dformat=94_formats_wrong_dire?=,http://mail-archives.apache.org/mod_mbox/hadoop-user/,201302
ce2fb7e071383056f2f1e6bb386ed67b,submitting a mapreduce job to remote cluster,http://mail-archives.apache.org/mod_mbox/hadoop-user/,201211
8026fcd3fa9d1410e538b999070fd753,Change the blocksize in 2.5.1,http://mail-archives.apache.org/mod_mbox/hadoop-user/,201411
3740eea605a042bcace9389501660a30,"hadoop multinode, only master node doing the work",http://mail-archives.apache.org/mod_mbox/hadoop-user/,201407
1e3a58d034b3405dc17555bfc1edf9fa,=?gb2312?B?tPC4tDogRGVjb21zc2lvbiBkYXRhbm9kZSAtIG5vIHJlc3BvbnNl?=,http://mail-archives.apache.org/mod_mbox/hadoop-user/,201307
059ee74907691d65c70f37fbafff0b0d,Something about the Snappy Compression Tool,http://mail-archives.apache.org/mod_mbox/hadoop-user/,201503
e49fa200b7a53d5fa734600a29cfd53b,HBase client with security,http://mail-archives.apache.org/mod_mbox/hadoop-user/,201308
eb5e1aa0e52acf0e51460ec7c2e61d7a,=?GB2312?B?UmU6ILTwuLQ6ILTwuLQ6IGEgcXVlc3Rpb24gYWJvdXQgZGZzLnJlcGxpY2F0aW9u?=,http://mail-archives.apache.org/mod_mbox/hadoop-user/,201307
b4edf4e9b3bf7413414236e2a3c032b7,Application errors with one disk on datanode getting filled up to 100%,http://mail-archives.apache.org/mod_mbox/hadoop-user/,201306
c2a59dda1489042c4f1fa9779f0f62fc,about hadoop upgrade,http://mail-archives.apache.org/mod_mbox/hadoop-user/,201405
ccaab9f6060c5d4cf965d7b827c67e99,cygwin hadoop permissions problems,http://mail-archives.apache.org/mod_mbox/hadoop-user/,201301
a90bfe287e3835844f6800f6f45fb0d0,Container exited with a non-zero exit code,http://mail-archives.apache.org/mod_mbox/hadoop-user/,201507
4eb7a7252d9f1e788b667a41f514eddd,nodes different hardware,http://mail-archives.apache.org/mod_mbox/hadoop-user/,201506
c09ec542796f1856e6ba4cf4488c425a,YARN with local filesystem,http://mail-archives.apache.org/mod_mbox/hadoop-user/,201308
3ee71831378381ebc525f304c699e6dc,Help running Hadoop 2.0.5 with Snappy compression,http://mail-archives.apache.org/mod_mbox/hadoop-user/,201309
46aa1ef8588d986c63bd5356437ff69c,map-reduce job submit acl problem,http://mail-archives.apache.org/mod_mbox/hadoop-user/,201303
c56590a2e326897ef0146fcc528b8560,Problems with the Fedarated name node configuration,http://mail-archives.apache.org/mod_mbox/hadoop-user/,201408
46248f18d44e582c4b161e90ff85c9ba,blocked when creating HTable,http://mail-archives.apache.org/mod_mbox/hbase-user/,201012
b3a46bb1dac17c8d42a1dbd24c725753,Problems with hbase.hregion.max.filesize,http://mail-archives.apache.org/mod_mbox/hbase-user/,201312
4dc1c51ae2928b735062526d8c93bd1a,cannot build a fully distributed mode hbase instance.,http://mail-archives.apache.org/mod_mbox/hbase-user/,201001
e56c3becf5519db2b6aa6069a15a0a1c,major hdfs issues,http://mail-archives.apache.org/mod_mbox/hbase-user/,201103
120a448c3dfc0c75f73225b692851a93,About HBase Memstore Flushes,http://mail-archives.apache.org/mod_mbox/hbase-user/,201205
58381a364f4e5842de4eae9c7df90e86,Hbase Unusable after auto split to 1024 regions,http://mail-archives.apache.org/mod_mbox/hbase-user/,201411
b8b90c6312970e5047db8f058b0a7e66,NoClassDefFoundError while executing java hbase client programme,http://mail-archives.apache.org/mod_mbox/hbase-user/,201308
8638ea1c2a16fb73f0f24c293a95ad78,"HBase file encryption, inconsistencies observed and data loss",http://mail-archives.apache.org/mod_mbox/hbase-user/,201407
f27fac61400888899aa3c5355990b4bc,Version issue,http://mail-archives.apache.org/mod_mbox/hbase-user/,201205
a34647f3a5f75b04bd65a8d2efa42aff,where my file stored.... what is the use of hbase.rootdir,http://mail-archives.apache.org/mod_mbox/hbase-user/,201402
389285f2d55c950721882312a42e240a,Region server not able to access H-base,http://mail-archives.apache.org/mod_mbox/hbase-user/,201209
2ce300e2ee3f7aa543ec14fc90079162,Problem with hbase master,http://mail-archives.apache.org/mod_mbox/hbase-user/,201205
194448375367f15804a6f6f2cb82dbef,HBase failure causes dual NIC ?,http://mail-archives.apache.org/mod_mbox/hbase-user/,201011
3c36b6a267ab4dc04d92dda9ce616f5d,issure about name node HA configuration,http://mail-archives.apache.org/mod_mbox/hbase-user/,201307
65702f9fa480ac6d0049ada108353e59,Master shuts down during log splitting on restart,http://mail-archives.apache.org/mod_mbox/hbase-user/,201409
acefdfe5dde859deb54dd790020fd22d,=?GB2312?Q?Re=3A_=B4=F0=B8=B4=3A_=B4=F0=B8=B4=3A_Should_we_set_the_property_=22hbas?=,http://mail-archives.apache.org/mod_mbox/hbase-user/,201312
6c4d6a9839e03219384111742da98251,Unable to load Coprocessor jar file in HBase,http://mail-archives.apache.org/mod_mbox/hbase-user/,201505
1aab7a09fa2d8150d008be212eb48894,problem regarding hadoop,http://mail-archives.apache.org/mod_mbox/hbase-user/,201001
cf6c30daa3952b52ba583c91eb309429,HBase recovery failuer problem,http://mail-archives.apache.org/mod_mbox/hbase-user/,200810
60aed756f6c47aa5988b5f48d13f67c4,HBase client - reduce client retries when connect fail,http://mail-archives.apache.org/mod_mbox/hbase-user/,201102
3ee7848abeb4ce789870769f5c88c4c3,question about RS to DN timeouts,http://mail-archives.apache.org/mod_mbox/hbase-user/,201104
a4f1d4e746cedb55e91b4e8aa1db79e9,failure after importing 42million rows,http://mail-archives.apache.org/mod_mbox/hbase-user/,200807
6fd151a3c35f040220d517437fb0c20c,hbase connection issue,http://mail-archives.apache.org/mod_mbox/hbase-user/,200907
9513b12811ed40c2fd1851edcca6bc67,Running hBase in a different user account from hadoop,http://mail-archives.apache.org/mod_mbox/hbase-user/,200805
eb2dabcb4afb775ce47f4dc6c120c7d0,HBase with HDFS - Basic setup problem,http://mail-archives.apache.org/mod_mbox/hbase-user/,200808
a8cd1b69fbc29e74c3341c871862ad4a,secure bulkload hfiles Failed 0.94.15,http://mail-archives.apache.org/mod_mbox/hbase-user/,201406
f802f22123912268c1033ea3751106d7,Region Server lost response when doing BatchUpdate,http://mail-archives.apache.org/mod_mbox/hbase-user/,200904
2f9390569bd3d920078a967342f4bc38,can't start hbase in distributed mode in a single machine,http://mail-archives.apache.org/mod_mbox/hbase-user/,201406
e8dd1a7dd871b751b9db2e16fda40ad1,HBase dies shortly after starting.,http://mail-archives.apache.org/mod_mbox/hbase-user/,201206
8b6a7c3b4e399a39f861eb89c3dc2726,Hadoop 0.19.1 with -d64 option on Solaris 5.10 and java6 doesn't,http://mail-archives.apache.org/mod_mbox/hbase-user/,200905
787ec7c9e51992d6563894386c6287da,Hbase Installation,http://mail-archives.apache.org/mod_mbox/hbase-user/,200910
95635c22aa714faf62a88fe475d31cc3,hbase-0.94.7 doesn't support HDFS QJM HA,http://mail-archives.apache.org/mod_mbox/hbase-user/,201305
b906652fc0d11bee8e10b6615c4bff6e,Needed to restart HBase. Now Master won't start,http://mail-archives.apache.org/mod_mbox/hbase-user/,201309
53f07f43608a5651a56f8a4223b603fa,Java Client hangs after around 2 min,http://mail-archives.apache.org/mod_mbox/hbase-user/,201007
e7888d8b524c2294868ee48bff724510,HBase with HDFS - Setup problem,http://mail-archives.apache.org/mod_mbox/hbase-user/,200808
e49fa200b7a53d5fa734600a29cfd53b,HBase client with security,http://mail-archives.apache.org/mod_mbox/hbase-user/,201308
2743b3eac56b91df790bbcbc08b5ac7c,"possible resolution for ""unable to start hbase-0.20 rc2 due to",http://mail-archives.apache.org/mod_mbox/hbase-user/,200909
e51416dbe0cbdfefe24c94283489325b,HBase process not starting and uses a lot of CPU,http://mail-archives.apache.org/mod_mbox/hbase-user/,201512
b1d593776105774631b931088dc783f6,Region servers down when inserting with hbase0.20.0 rc,http://mail-archives.apache.org/mod_mbox/hbase-user/,200908
bb6b8a03666e61fdb221e6508219c414,regionserver not starting,http://mail-archives.apache.org/mod_mbox/hbase-user/,201204
76d18625fc0cdd4d89e22af21e4305dc,HBase backups,http://mail-archives.apache.org/mod_mbox/hbase-user/,200908
dccd9b30408c0830a2d2f6e3c4a98ced,Region server is getting disconnected and becomes unreachable.,http://mail-archives.apache.org/mod_mbox/hbase-user/,201308
7b036393ea22c8ef5ed20eb57572f686,HBase is able to connect to ZooKeeper but the connection closes,http://mail-archives.apache.org/mod_mbox/hbase-user/,201206
dc417e0449b2b0beb02171ad435cd282,region max filesize,http://mail-archives.apache.org/mod_mbox/hbase-user/,201107
29060f70a8ed6647669336f2e98c551b,Problems Loading RegionObserver Coprocessor,http://mail-archives.apache.org/mod_mbox/hbase-user/,201205
e7692f55c97637ed51c03ab1f1077a64,Problem with starting HBase Master,http://mail-archives.apache.org/mod_mbox/hbase-user/,200903
6aa0b2e1ab2aa32759105cec730dbc7d,Issues on disabling compaction in HBase 0.94.2,http://mail-archives.apache.org/mod_mbox/hbase-user/,201211
d0840eff78542f606ccf1cf6fbdc3a3d,Hbase 0.98 not able to connect to Hadoop 2.4 running on VM,http://mail-archives.apache.org/mod_mbox/hbase-user/,201409
c1edd9d87bca825a3ffb1be9ff53ca70,problem starting master with hbase 0.2.0,http://mail-archives.apache.org/mod_mbox/hbase-user/,200807
584d623942fa0a56f24e89be80e66e95,Remote Connection To Pseudo Distributed HBase (Deployed in aws ec2),http://mail-archives.apache.org/mod_mbox/hbase-user/,201304
2710704a2eeee8914171783d9f73e0c9,Problem in using HBase Bulk Load,http://mail-archives.apache.org/mod_mbox/hbase-user/,201203
101bc7c3d573cc762412f1f97a923f54,zookeeper connection problem in pseudo mode,http://mail-archives.apache.org/mod_mbox/hbase-user/,201201
e6217bc33192d0a28dd6e901aa1dba30,problem starting Hbase 0.20 with Katta on EC2,http://mail-archives.apache.org/mod_mbox/hbase-user/,200908
6cdab184e05698336051a0e10dc21c60,How do I test SampleRegionWALObserver?,http://mail-archives.apache.org/mod_mbox/hbase-user/,201210
67d6c47a46a35b2a330a11900ba95ff3,Lease Exception Errors When Running Heavy Map Reduce Job,http://mail-archives.apache.org/mod_mbox/hbase-user/,201308
1901e77a5e0dab66c69c81e0112b62d9,error in installing and starting hbase,http://mail-archives.apache.org/mod_mbox/hbase-user/,201410
f23305375a1884c6998a08070adf3470,Hbase Client problem,http://mail-archives.apache.org/mod_mbox/hbase-user/,200909
3e39644ca64f989e08cdc0eb85640d00,Help - can't start master server for HBase (pseudo-distributed mode).,http://mail-archives.apache.org/mod_mbox/hbase-user/,201209
1b74684685bca2ebf3bb6ed7d7521b7c,have you ever met this error?,http://mail-archives.apache.org/mod_mbox/hbase-user/,201307
8935018b46f182e50b98fdb3769c2a18,Hbase on EC2 and issues with Amazon NAT Internal Addresses,http://mail-archives.apache.org/mod_mbox/hbase-user/,200901
787003522fde37fd46fdbbdf74f26a1b,Zookeeper config in 0.20.0,http://mail-archives.apache.org/mod_mbox/hbase-user/,200907
f21c6965fbbd013b0855e74d6760a979,regionservers in general and on EC2,http://mail-archives.apache.org/mod_mbox/hbase-user/,200910
18e4becadebc6e97eb469ce39ab81c59,=?utf-8?Q?Re=3A_=E7=AD=94=E5=A4=8D=3A_how_config_multi_regionser?=,http://mail-archives.apache.org/mod_mbox/hbase-user/,201212
23c25cd09a91ce2d17220650af776810,HBase 0.90.2 CDH3B4 -Compression algorithm 'lzo' previously failed,http://mail-archives.apache.org/mod_mbox/hbase-user/,201104
9c5edaa0aa97ff67f5f6f177c0d97a6a,HBase crashes when one server goes down,http://mail-archives.apache.org/mod_mbox/hbase-user/,201102
594684d3567260f5a83449dd0560a444,RegionServer  unable to connect to master,http://mail-archives.apache.org/mod_mbox/hbase-user/,201112
78d221edee0b2c8691f2da2449126b21,hbase master retries to RS/DN,http://mail-archives.apache.org/mod_mbox/hbase-user/,201105
661160101eb079ab1b568583d89b2310,hbase 0.94.6.1 copytable (to 0.98.6 cdh 5.3.1 cloudera),http://mail-archives.apache.org/mod_mbox/hbase-user/,201503
a1c06e50857736820a60b5e795124492,YCSB performance degradation with lzo,http://mail-archives.apache.org/mod_mbox/hbase-user/,201103
94209a8b87e947a5ae6bf8c8f57dc9a6,hadoop n hbase on ec2 cluster,http://mail-archives.apache.org/mod_mbox/hbase-user/,200904
f1c451a51d84e560d96d7ddb67d263dc,Setup hbase-0.20.0-candidate-2,http://mail-archives.apache.org/mod_mbox/hbase-user/,200908
d39e372b4d29c52cc5193e7a8ca427ca,Upgrade to 0.19.0,http://mail-archives.apache.org/mod_mbox/hbase-user/,200812
9f8a294b0275b3be53a5d4b0aa95f782,Hbase region server disconnecting with master after some time.,http://mail-archives.apache.org/mod_mbox/hbase-user/,201308
e34dab1aefae488f454595c15a7358d3,error starting task tracker,http://mail-archives.apache.org/mod_mbox/hbase-user/,201203
c405fe11f15780f3ef9b9d0e639d8c8f,Htrace spans not generated for hbase client side code,http://mail-archives.apache.org/mod_mbox/hbase-user/,201507
724559a458f314b6c24bb4b8c28464ec,where does the client find the master ip,http://mail-archives.apache.org/mod_mbox/hbase-user/,200809
722fbc40408f817c2cf347f27436422a,loss znode,http://mail-archives.apache.org/mod_mbox/hbase-user/,201212
c100643e28ce6179de31382f5533c116,Tweaking HBase splits,http://mail-archives.apache.org/mod_mbox/hbase-user/,201105
8f56b5e76d999496dda254b69ef92936,hbase performance issue,http://mail-archives.apache.org/mod_mbox/hbase-user/,201203
23bbdc41d409db1e456889d1be501a3c,Unable to connect from windows desktop to HBase,http://mail-archives.apache.org/mod_mbox/hbase-user/,201304
fd2a5ed998dcb4d26f0b270e67ba167a,hbase cluster on EC2,http://mail-archives.apache.org/mod_mbox/hbase-user/,200901
69b998e99ae72c7f64ef2b34548e3e9f,problem when change zookeeper.znode.parent,http://mail-archives.apache.org/mod_mbox/hbase-user/,201107
efef912de89ce796c3945d9766b4307f,problem in configuring hbase with hdfs,http://mail-archives.apache.org/mod_mbox/hbase-user/,200903
71baae0ead9147ce7f736f998234a212,hbase.bucketcache.percentage.in.combinedcache with ioengine=<FILE ON,http://mail-archives.apache.org/mod_mbox/hbase-user/,201510
9928cd2a8850e45e1f808efa21c7573d,Hbase first run problem,http://mail-archives.apache.org/mod_mbox/hbase-user/,200902
903af6befebeb3dede0b481e98c1d2de,hbase error,http://mail-archives.apache.org/mod_mbox/hbase-user/,201211
29dcfd724e407d0d8934f7462710bd40,failed to login,http://mail-archives.apache.org/mod_mbox/hbase-user/,201205
bf52b5821dc88d8bfb8529297dec22b2,Failed to create /hbase.... KeeperErrorCode = ConnectionLoss for,http://mail-archives.apache.org/mod_mbox/hbase-user/,201003
86c92fb22bb0db3a5d5049804097b0f1,hbase.cluster.distributed set to true but it says false,http://mail-archives.apache.org/mod_mbox/hbase-user/,201203
587f879ad2cd972dcfc215305da58ba2,Still need help with data upload into HBase,http://mail-archives.apache.org/mod_mbox/hbase-user/,200904
9e7e3268b8f0d8471efb16599aa692d0,EC2 remote client woes,http://mail-archives.apache.org/mod_mbox/hbase-user/,201201
8a16789202a510eb2cbd1aa4e9f4ec50,RegionServer looking for ZooKeeper on 127.0.0.1,http://mail-archives.apache.org/mod_mbox/hbase-user/,201112
907ae9499e401a0552e5b044f331fdb3,=?UTF-8?B?UmU6IOetlOWkjTog562U5aSNOiBTaG91bGQgd2Ugc2V0IHRoZSBwcm9wZXJ0eSAiaGJhcw==?=,http://mail-archives.apache.org/mod_mbox/hbase-user/,201312
8abe5918f4ffd4c89317152b7a646803,HBase Random Read latency > 100ms,http://mail-archives.apache.org/mod_mbox/hbase-user/,201310
29c15d147901f6065378e094e61437a8,Environment variables in the configuration xml's,http://mail-archives.apache.org/mod_mbox/hbase-user/,201202
aeb971b00de758b51f7d1317d5ae8056,ClockOutOfSyncException with zookeeper,http://mail-archives.apache.org/mod_mbox/hbase-user/,201105
c807355062a4c93589fb8efca30d7002,Failed to start master with HBase 0.94.2 on Hadoop 1.0.4,http://mail-archives.apache.org/mod_mbox/hbase-user/,201211
dad9c3661a06a31237d108b086eba3d2,mapreduce runs locally,http://mail-archives.apache.org/mod_mbox/hbase-user/,200807
ee30a5c554846870f89260e809c64d1b,Ec2 instability,http://mail-archives.apache.org/mod_mbox/hbase-user/,200904
1c0c61162047c4502414228cab6d4b96,hbase.zookeeper.quorum minimum nodes ?,http://mail-archives.apache.org/mod_mbox/hbase-user/,201310
94c6a328ee35143ce298cd0d98c7add3,DataXceiver java.io.InterruptedIOException error on scannning Hbase,http://mail-archives.apache.org/mod_mbox/hbase-user/,201405
4ebc4bbdeeaf28f92651cd6ddcb47c15,Doubt at hbase configuration,http://mail-archives.apache.org/mod_mbox/hbase-user/,201203
eaa75a98bc30abc34da32f4acaf0394b,General question regarding the hbase-site.xml file,http://mail-archives.apache.org/mod_mbox/hbase-user/,201004
7ebeeed3d9fc58e1e266e637c872f61d,Table with 80 regions having nearly no data in it,http://mail-archives.apache.org/mod_mbox/hbase-user/,200812
1df834bafa277ddecd9818436da99767,issue about two hbase on same hadoop cluster,http://mail-archives.apache.org/mod_mbox/hbase-user/,201406
d543eedf0f85ce5b0a6f20ea4ec1ad00,Problems with region server OOME,http://mail-archives.apache.org/mod_mbox/hbase-user/,201003
1dd84b1fae7ba80de7a2f9b570c9f9fb,Zookeeper available but no active master location found,http://mail-archives.apache.org/mod_mbox/hbase-user/,201204
fa17f0303dbc36b2bd3fb4f6c8ef36b9,can not enable snapshot function on hbase 0.94.6,http://mail-archives.apache.org/mod_mbox/hbase-user/,201410
c051f314e4e1540f0de8c33d95eaa2a0,hbase.tmp dir property not working,http://mail-archives.apache.org/mod_mbox/hbase-user/,201108
a6f60c19f08f8ad5c64102a0e489f626,Hbase pseudo distributed setup not starting,http://mail-archives.apache.org/mod_mbox/hbase-user/,201306
6eb55be789deced6ec7c6a096dd311fc,what is the recommended configuration in hbase to write big data,http://mail-archives.apache.org/mod_mbox/hbase-user/,201106
84420427c3f796882fb9f293d6ce1f41,"Should we set the property ""hbase.local.dir"" to a list of directories",http://mail-archives.apache.org/mod_mbox/hbase-user/,201312
599865392f325bce866d7cd6ec68fe25,global memcache limit of 396.9m exceeded cause forcing server,http://mail-archives.apache.org/mod_mbox/hbase-user/,200902
1467fbf1b0cbfb3875f325156c28216a,Starting HBase in fully distributed mode...,http://mail-archives.apache.org/mod_mbox/hbase-user/,200912
818dc99d2d3623f9c700f6e7c9f4bb45,=?GB2312?Q?Re=3A_=B4=F0=B8=B4=3A_Should_we_set_the_property_=22hbase=2Elocal=2E?=,http://mail-archives.apache.org/mod_mbox/hbase-user/,201312
d030b164ae7cb5633c814a2c607d8513,HBase Issues (perhaps related to 127.0.0.1),http://mail-archives.apache.org/mod_mbox/hbase-user/,201211
0ff42be5403081a7c83d667a3eae2671,Are transactional indexes and indexed indexes incompatible?,http://mail-archives.apache.org/mod_mbox/hbase-user/,201003
d47605d0c3f874eba8cdd0a8b50d01ae,Newb sees exception in logs after fresh install,http://mail-archives.apache.org/mod_mbox/hbase-user/,201502
e88c6df518cda4d81bce1336eea5b836,Using MiniHBaseCluster in Maven Tests with LZO,http://mail-archives.apache.org/mod_mbox/hbase-user/,201105
9b45029b4e813adc6ede0aca6c793577,HBase Startup Errors,http://mail-archives.apache.org/mod_mbox/hbase-user/,200802
f60975308e564f086c3e609e1e7e9825,RegionServer 60030 Show All RPC Handler Task is empty,http://mail-archives.apache.org/mod_mbox/hbase-user/,201506
ca68a27bf6e3c3d8e86d90f06daf5d0a,Region server shutdown during writes (bad data nodes),http://mail-archives.apache.org/mod_mbox/hbase-user/,201102
95d88b1464cd69ed9649799f33ae0db8,Problems with HBase JMX beans,http://mail-archives.apache.org/mod_mbox/hbase-user/,201212
616b3364d7ac5e194349f2c36b47e2ce,Master binds only to loopback,http://mail-archives.apache.org/mod_mbox/hbase-user/,201003
f690e3c234ed770be4e2ec86a6d1660c,hbase.client.ipc.pool.size problem with hbase 0.95.1,http://mail-archives.apache.org/mod_mbox/hbase-user/,201306
41f683b1299a05790f4a88faa4ba8770,Region Servers Crashing - LeaseExpired,http://mail-archives.apache.org/mod_mbox/hbase-user/,201012
6477653eb8557282ea502f3078a61614,How to validate HBase configuration (for region servers) from HBase,http://mail-archives.apache.org/mod_mbox/hbase-user/,201407
96a2ce831350fa653771c03c2a4cd360,Row Counter rpoblem,http://mail-archives.apache.org/mod_mbox/hbase-user/,201206
0ee11f02ba8d941abca1d779c4f323a5,AccessDeniedException on the regionserver with security enabled,http://mail-archives.apache.org/mod_mbox/hbase-user/,201209
aeb98d1663a458abe3b50f4098179db2,0.90.1 HMaster malfunction in pseudo-distributed mode,http://mail-archives.apache.org/mod_mbox/hbase-user/,201105
59e8fcc5c8cdafe28aa8499b070e0409,HBase cluster -- 2 machines -- ZooKeeper problems when launching jobs,http://mail-archives.apache.org/mod_mbox/hbase-user/,200908
97540b96f86c23dc496abafb940cef34,Hbase data directory not recognizing hadoop's hbase.rootdir,http://mail-archives.apache.org/mod_mbox/hbase-user/,201004
971f02ff907dfc90295704e09fb8f1c0,want to try HBase on a large cluster running Lustre - any advice?,http://mail-archives.apache.org/mod_mbox/hbase-user/,201112
e702c65fdee05a0359da799f4a632188,UnknownHostException,http://mail-archives.apache.org/mod_mbox/hbase-user/,200809
43a7cdc940a384122d75796603a57f33,error when starting hbase,http://mail-archives.apache.org/mod_mbox/hbase-user/,201304
59c648f9a3a5c5cc5aa06fcc7dd813c5,=?UTF-8?B?UmU6IOetlOWkjTogaG93IGNvbmZpZyBtdWx0aSByZWdpb25zZXJ2ZXIsIG9yIHdoYXQgaQ==?=,http://mail-archives.apache.org/mod_mbox/hbase-user/,201212
2cb52d4a0d968acbe38f10deb647a67f,LeaseException,http://mail-archives.apache.org/mod_mbox/hbase-user/,201207
0e56e2556fb9ad9edba6921640c9c645,Snapshot Timing Out on a Large HBase Table,http://mail-archives.apache.org/mod_mbox/hbase-user/,201505
1547a5eb843c4773ef3fa2c94e1da857,Unexpected behaviour when VisibilityController coprocessor is used,http://mail-archives.apache.org/mod_mbox/hbase-user/,201510
93a352126dc70403d44fe609671ce8eb,A region server stopped (timeout after trying to connect local,http://mail-archives.apache.org/mod_mbox/hbase-user/,201211
7b33882ca6a62c2c526caff8b09f12e0,problem in starting in Hbase,http://mail-archives.apache.org/mod_mbox/hbase-user/,201110
be97cf37be21764b47b0160d81c21770,how to set mapred.system.dir?,http://mail-archives.apache.org/mod_mbox/hbase-user/,201109
32fcd9809e051dc8d05853f98e3260fa,Help with NPE during bulk load (completebulkload),http://mail-archives.apache.org/mod_mbox/hbase-user/,201104
ec998c1a60ac3bbe4c922a959bfd66da,HBase 0.98.1 split policy change?,http://mail-archives.apache.org/mod_mbox/hbase-user/,201404
b046c2b8ea91d8bba489ae580b2b3b7e,Starting 0.20.0 - configuration problem?,http://mail-archives.apache.org/mod_mbox/hbase-user/,200907
c07ea1ed9cdfc776f015a0fb1cc66c9b,Need some help diagnosing poor performance (long),http://mail-archives.apache.org/mod_mbox/hbase-user/,200809
3df412b4b3cfb32c757fdaa9fc7437c5,DataXceiver java.io.EOFException,http://mail-archives.apache.org/mod_mbox/hbase-user/,201211
001e5aeb45b36e742c4e94dcea09b76f,Region Server on EC2,http://mail-archives.apache.org/mod_mbox/hbase-user/,200909
56a54608a7cbd3db132b28a19d1385d7,=?gb2312?B?tPC4tDogtPC4tDogSG93IHRvIGFkanVzdCBoYmFzZSBzZXR0aW5ncw==?=,http://mail-archives.apache.org/mod_mbox/hbase-user/,201210
55a859a058c6acd942c2a304362b5003,Problems running hbase on dfs,http://mail-archives.apache.org/mod_mbox/hbase-user/,200811
da94372ad366d1204fe746d1d955fee1,BucketCache Configuration,http://mail-archives.apache.org/mod_mbox/hbase-user/,201407
88668b7a110a916c748434fdc3c38a8e,Tables & rows disappear,http://mail-archives.apache.org/mod_mbox/hbase-user/,201101
da1341fc0857ccb04fb778d097235748,Restoring HBase from backup,http://mail-archives.apache.org/mod_mbox/hbase-user/,201409
499c817bb8fd90588c61e6d5263c39f3,Problem with HBase and HDFS,http://mail-archives.apache.org/mod_mbox/hbase-user/,200901
33a7878bbf7d8a67c438a7f46536b3a2,HBase region server id problem with ipv6 address,http://mail-archives.apache.org/mod_mbox/hbase-user/,200804
8e3b819701b7788c871c3ca77a861eda,Zookeeper exceptions while starting up region,http://mail-archives.apache.org/mod_mbox/hbase-user/,201007
ce3b43ae2e810c7d945d665cf1db8810,hbase master is not starting @ 60010 on new ubutnu 11.04 system,http://mail-archives.apache.org/mod_mbox/hbase-user/,201112
c26e52a36a5e0884a8de45ec853e582e,hbase-site.xml property placeholder,http://mail-archives.apache.org/mod_mbox/hbase-user/,201110
83be110ed19f8bbd31e687fdf58474ed,"Exception in thread ""main""",http://mail-archives.apache.org/mod_mbox/hbase-user/,201102
93bef5d11727a0e2574659ce7a152bd3,How do I trigger multiple Mapper tasks?,http://mail-archives.apache.org/mod_mbox/hbase-user/,201001
265d765704bf33a9111b49ea6d9ca4c4,Hadoop pipes with Hbase as input,http://mail-archives.apache.org/mod_mbox/hbase-user/,201208
68d4e0167ce13a899fe6075068d51067,"Solved - Question on Hbase 0.89 - interactive shell works, programs",http://mail-archives.apache.org/mod_mbox/hbase-user/,201009
ff3143cbc0fc7703d9c411ada12d6639,RAM Problems - Keeps Crashing,http://mail-archives.apache.org/mod_mbox/hbase-user/,201112
dae7f30cee6f38062dd94b3f54d18c38,distributed cluster proble,http://mail-archives.apache.org/mod_mbox/hbase-user/,201203
1a4817e5c659842f319e98d9b52f2259,Exception when running HBase from Hadoop 0.16 package -,http://mail-archives.apache.org/mod_mbox/hbase-user/,200802
0261ce61f9f91cfce8cde3fc1798d505,Loading data from Hive to HBase takes too long,http://mail-archives.apache.org/mod_mbox/hbase-user/,201308
da7902f51811c6676e12d98d34525ad8,HBASE 0.90.4 and indexing,http://mail-archives.apache.org/mod_mbox/hbase-user/,201111
badbfbe1ed889e8c293eda3dbe85fb12,zookeeper/mapred problems,http://mail-archives.apache.org/mod_mbox/hbase-user/,201102
d13bd02a0c6afbd7df2d58187e977d20,0.92 and Read/writes not scaling,http://mail-archives.apache.org/mod_mbox/hbase-user/,201203
63b0fcc27ab681bfe0fef2fe15618e26,Cannot start HBase master with HDFS,http://mail-archives.apache.org/mod_mbox/hbase-user/,200807
83691b6b07425f0c07d946c6e77349d7,HBase Master cannot be contacted by Region Servers,http://mail-archives.apache.org/mod_mbox/hbase-user/,201407
8c340dc334134096f68b880b42a8692c,Replication,http://mail-archives.apache.org/mod_mbox/hbase-user/,201007
398a5b339b6d023c29816bb7b3683e55,HBase Client Concerns,http://mail-archives.apache.org/mod_mbox/hbase-user/,200909
1858de457f782da4cdcbd558316eccd8,hbase.hregion.majorcompaction not taking effect.,http://mail-archives.apache.org/mod_mbox/hbase-user/,201302
b09bee7b6ec5bd1e1d3767a7731cb22e,HBase Clustering,http://mail-archives.apache.org/mod_mbox/hbase-user/,201209
4ff718e5ef311e6789da68a215daf30a,s3/s3n working or not working??,http://mail-archives.apache.org/mod_mbox/hbase-user/,201111
b8fe26e49796b36e200064739341d5b6,Running two instances of Hbase on a single node,http://mail-archives.apache.org/mod_mbox/hbase-user/,200911
b56dff38a64a3330acfa263668e251b9,HBase memstore flush configurations,http://mail-archives.apache.org/mod_mbox/hbase-user/,201505
ecda73410dde2d2837ab114f72189c52,why is hbase creating this mapred directory on hdfs??,http://mail-archives.apache.org/mod_mbox/hbase-user/,201101
058e10339850b07ba61c35c785d048d9,Install HBase on hadoop-2.2.0,http://mail-archives.apache.org/mod_mbox/hbase-user/,201310
08f614b8f69ecc9f746f621963069868,hbase/hadoop config(do I need to change /etc/hosts???)-still getting,http://mail-archives.apache.org/mod_mbox/hbase-user/,201012
5e8c97510683fa032746b86c58baf0ee,Access remote HBase server with different user names,http://mail-archives.apache.org/mod_mbox/hbase-user/,201211
ba7e1475e3fb6ea91bf1dca0109eda75,How to move table data from hbase 0.94 to 0.96 use,http://mail-archives.apache.org/mod_mbox/hbase-user/,201407
01e6905bfc03336659322347f729e16c,Exception on startup -ClassNotFound-,http://mail-archives.apache.org/mod_mbox/hbase-user/,200912
b3403d1983877b1888595762096709fc,"Slow mapreduce using Hbase , regardless on number of machines",http://mail-archives.apache.org/mod_mbox/hbase-user/,200807
bd6687c853a37928c8932d46ad3527ee,HBase-Hive integration performance issues,http://mail-archives.apache.org/mod_mbox/hbase-user/,201308
fdc69f4ee66bf24b9e14e01725a98420,hbase from trunk trunk failed ...,http://mail-archives.apache.org/mod_mbox/hbase-user/,200901
0ea8461d1a39a54010a09d8c01b41214,hbase insert performance test (from hbasemaster and regionservers),http://mail-archives.apache.org/mod_mbox/hbase-user/,201205
7432b129ada2fa79b72bc80a4dce31b1,Hbase clustering,http://mail-archives.apache.org/mod_mbox/hbase-user/,201209
23172729c92324affbde5b4a332fdd73,Co-processor seems to be failing to load,http://mail-archives.apache.org/mod_mbox/hbase-user/,201210
1760e3c1d5b09c525cd4ec5c7840610e,Java client connection to HBase 0.20.1 problem,http://mail-archives.apache.org/mod_mbox/hbase-user/,200911
222f1e6e81982679b2d89a4dae6d9ffc,HBase failing to restart in single-user mode,http://mail-archives.apache.org/mod_mbox/hbase-user/,201505
90f797e119edc70a2fa3fbcc285b9e9f,connecting Hbase using java,http://mail-archives.apache.org/mod_mbox/hbase-user/,201303
7c5e545d72a95ca9bb020973e513fdc6,hbase host dns ip and route for multi network interface card,http://mail-archives.apache.org/mod_mbox/hbase-user/,201107
ab26f0a5236d066c5ff1bb3e36ffe17b,HBase connectivity issue,http://mail-archives.apache.org/mod_mbox/hbase-user/,201405
eb1f0548bcfd7aa66a052ceebb46547c,Can not access HBase Shell.,http://mail-archives.apache.org/mod_mbox/hbase-user/,201209
a6c717f7b2355f1882ee93ee143c2f57,I can't start cluster due to zookeeper,http://mail-archives.apache.org/mod_mbox/hbase-user/,201504
6a69579bf327634802bdfda3405eaea8,Trouble with s3n/s3,http://mail-archives.apache.org/mod_mbox/hbase-user/,201111
25a1869ae7b530473b7eafa930172acf,HBase - Zookeeper Error.,http://mail-archives.apache.org/mod_mbox/hbase-user/,201412
686aff549ea8c133ad9191731d33a69c,flushing + compactions after config change,http://mail-archives.apache.org/mod_mbox/hbase-user/,201306
b0746fe08d657d47d4b4ecbc881a6ea4,HRegionServer failed due to replication,http://mail-archives.apache.org/mod_mbox/hbase-user/,201510
8c37944aa8a10c258330808fbe3a4513,Will hbase automatically distribute the data across region servers or,http://mail-archives.apache.org/mod_mbox/hbase-user/,201308
9e317d736656d6a99f126fcb4fd958ad,Why does throw java.io.IOException when I run a job?,http://mail-archives.apache.org/mod_mbox/hbase-user/,201004
92757f9a3ef33129c6924dadda377b8f,Question about HBase,http://mail-archives.apache.org/mod_mbox/hbase-user/,200907
7bd7429aba70f65b1b5abd3dddc252d3,=?UTF-8?Q?Re=3A_After_hadoop_QJM_failover=EF=BC=8Chbase_can_not_write?=,http://mail-archives.apache.org/mod_mbox/hbase-user/,201412
7a481af58db62a0b23c70942f42c7d80,help! code for hbase 0.90  ries ERROR in hbase 0.94,http://mail-archives.apache.org/mod_mbox/hbase-user/,201212
fb0caf43d73ec215dc1cd0698c847c33,local mode with S3 configuration,http://mail-archives.apache.org/mod_mbox/hbase-user/,200908
3fd2705dd285cc7252aeae2ad091b47c,How to debug/run HBase in eclipse,http://mail-archives.apache.org/mod_mbox/hbase-user/,201111
82a70c34dd2baceb76b69883ae9bb73e,Start hbase with replication mode,http://mail-archives.apache.org/mod_mbox/hbase-user/,201510
3d3a3c618b9330c72425849da7fdee14,Starting 0.96.0?,http://mail-archives.apache.org/mod_mbox/hbase-user/,201311
98ba87e27538a73d23347d43ea3001c2,Trying to get the region servers working....,http://mail-archives.apache.org/mod_mbox/hbase-user/,201006
8342da35838ddc4f68cca16c89e1c6b0,why hbase using much more space than actual ?,http://mail-archives.apache.org/mod_mbox/hbase-user/,201003
5c1e27a3abee60d8c783fc26d1c485e2,Unable to override zookeeper server maxSessionTimeout property,http://mail-archives.apache.org/mod_mbox/hbase-user/,201311
27fd9df282f67734400d99b7ac8fc5c0,Profiling map reduce jobs?,http://mail-archives.apache.org/mod_mbox/hbase-user/,201306
f7d29ca6382973e14999bb84e41c5026,newbie questions,http://mail-archives.apache.org/mod_mbox/hbase-user/,200805
eb05e449adb5f0925b7442b94afccdf7,problem regarding hbase 0.20.2,http://mail-archives.apache.org/mod_mbox/hbase-user/,200912
f8206a113cbf1aec4aceb58826e10ded,hbase-site.xml Content is not allowed in prolog.,http://mail-archives.apache.org/mod_mbox/hbase-user/,201207
1e81aec5fa6bd3b2b49d253c7633c586,Using DBInputFormat in Map/Reduce,http://mail-archives.apache.org/mod_mbox/hbase-user/,200907
b9a451adbcf683ba41c8f1a932490f1d,why one regionserver start unsuccessfully ?,http://mail-archives.apache.org/mod_mbox/hbase-user/,200809
3d4e155412c93e56368279ffec72fbf0,Enabling Indexing in HBase,http://mail-archives.apache.org/mod_mbox/hbase-user/,201005
53b7ba9f4da90afc1a0f970e39be2006,Java Client can't connect to a remote standalone hbase server,http://mail-archives.apache.org/mod_mbox/hbase-user/,201401
96dc144d239b43f27adadb411217c998,Hbase single-Node cluster config problem,http://mail-archives.apache.org/mod_mbox/hbase-user/,200808
dd8f63012519b58e7b06440165d9802f,Hadoop-2.4.0 HBase-0.19.18 Region server startup failed,http://mail-archives.apache.org/mod_mbox/hbase-user/,201405
b28c8ebe0fcd173894d381b67b8637e0,Setting zookeeper timeout to higher value,http://mail-archives.apache.org/mod_mbox/hbase-user/,201308
078578f556da3c32903649a5b618a544,base tmp.dir property not working,http://mail-archives.apache.org/mod_mbox/hbase-user/,201108
9c37e69bfbd142906c8bb8e6305f4c75,hbase 0.96 on hadoop 2.2.0,http://mail-archives.apache.org/mod_mbox/hbase-user/,201310
d9711471a5869cbba37dc7487ea621e4,Unable to run HBase 0.96 with Hadoop 2.1-beta,http://mail-archives.apache.org/mod_mbox/hbase-user/,201310
3c1e9343f09d4fdbab1dbd313458ff03,HBase Java Client API hangs,http://mail-archives.apache.org/mod_mbox/hbase-user/,201411
216021955736bb54f5071aaf153d4585,Problem With Zookeeper,http://mail-archives.apache.org/mod_mbox/hbase-user/,201001
6314c9741f3123e324a22a741e0b0757,Hbase on EC2 and issues with external access,http://mail-archives.apache.org/mod_mbox/hbase-user/,200903
65d7f3e3a9d18b29198131f57f6966c2,HMaster and HRegionServer quit automately in a few seconds after,http://mail-archives.apache.org/mod_mbox/hbase-user/,201407
278bf9e5fe545a394958e4fe2a8681b8,Hbase region server is not communicating with zookeeper and stopping,http://mail-archives.apache.org/mod_mbox/hbase-user/,201308
76ff2882e6b71a577514b0712fd91e76,HBase 0.20.1 Distributed Install Problems,http://mail-archives.apache.org/mod_mbox/hbase-user/,200911
078580662d0e7ea35e35d982dc6a8ad6,HBase Log Location,http://mail-archives.apache.org/mod_mbox/hbase-user/,201310
1fb3415670184da758f877b63b6e7900,hbase site configuration problem,http://mail-archives.apache.org/mod_mbox/hbase-user/,200907
3e7fb58ce48b04e53b1bbe7bbab60fb0,HBase will not allow table creation in pseudo-distributed mode,http://mail-archives.apache.org/mod_mbox/hbase-user/,201110
37f81871627b17a81e28c27f3eb7cf9c,HBase Error,http://mail-archives.apache.org/mod_mbox/hbase-user/,200907
7cbfe2eb60e8fbd341e00582242565e1,HBase error disabled security features are not available,http://mail-archives.apache.org/mod_mbox/hbase-user/,201511
8379eb595285ff161e2e33a37db377e0,HBaseTestingUtility startMiniCluster throw exception,http://mail-archives.apache.org/mod_mbox/hbase-user/,201408
5a673c39ce1b2a1f8d5ba1a1b4c0f593,Doubt Regading HLogs,http://mail-archives.apache.org/mod_mbox/hbase-user/,201305
72368c0d2a49b5b15b0add93016fc4e6,Hbase Master is aborted when regionserver is started,http://mail-archives.apache.org/mod_mbox/hbase-user/,201408
e8ab7b2ed87e8fad52130e74cf56bf0e,user_permission error - undefined method 'getTable',http://mail-archives.apache.org/mod_mbox/hbase-user/,201401
