FILENAME,VERSION,LINK,DESC,SOURCE
bd7eb6c79a2c890cdece596e13d82d1b.conf,2.2.6,http://mail-archives.apache.org/mod_mbox/httpd-users/200903.mbox/%3C9aef75b10903261200j1dc3e1c4y93f2a6ad88322bc5@mail.gmail.com%3E,[users@httpd] mod_vhost_alias and DOCUMENT_ROOT,mailing_list
26159ba9da6a4d0c9320f18d106a003e.conf,2.2,http://stackoverflow.com/questions/13884004/mac-osx-lion-apache-rewrite-module-not-working-with-virtual-host-and-htaccess-fi,mac osx lion apache rewrite module not working with virtual host and htaccess fi,stackoverflow.com
761e8296cb45e815fa1c3519c1d17ff1.conf,2.2,http://stackoverflow.com/questions/19138850/setup-multiple-ssl-certificates-on-amazon-vpc,setup multiple ssl certificates on amazon vpc,stackoverflow.com
4cc832c83bdb1661ef96a5504329c82a.conf,2.2,http://mail-archives.apache.org/mod_mbox/httpd-users/201109.mbox/%3C9F03860C-86EC-4CAD-AB1C-C36B04D6214B@normanfournier.com%3E,[users@httpd] Errors in httpd.conf,mailing_list
0effb1c75c591685b0e59da08e6e5c07.conf,2.2,http://serverfault.com/questions/446702/lampp-1-7-7-got-error-with-virtualhost,lampp 1 7 7 got error with virtualhost,serverfault.com
c2810852b3cd19b6fd632a99c303ad0a.conf,2.2.6,http://stackoverflow.com/questions/7188301/cant-get-symfony-to-show-images,cant get symfony to show images,stackoverflow.com
b1a8b735825c044b5ac3b57054d82ce5.conf,2.2.17,http://mail-archives.apache.org/mod_mbox/httpd-users/201109.mbox/%3C09AEF1A65F8E8C459D8A81C1BFAC5F34046BE469@TAIS-ML-P01.na.toshiba-dpg.local%3E,[users@httpd] help: apache 2.2.17 creating zombies that are increasing server load,mailing_list
487ff89062624c599c6197630eb6726e.conf,2.2.21,http://stackoverflow.com/questions/9939362/php-refuses-to-output-data-from-var-dump-print-etc,php refuses to output data from var dump print etc,stackoverflow.com
1ffeef5f648b85bb26f4f36b51058de6.conf,2.2,http://serverfault.com/questions/223581/installing-linux-apache-unable-to-connect,installing linux apache unable to connect,serverfault.com
76ddc3f2f82e92b443e31b9ff8f28b0d.conf, 2.2.14,http://serverfault.com/questions/95970/apache-connection-intermittantly-times-out-on-lan,apache connection intermittantly times out on lan,serverfault.com
313fa215a316f6fdbbca74d867c62356.conf,2.2.17,http://mail-archives.apache.org/mod_mbox/httpd-users/201012.mbox/%3C201101011641.22121.david@vizion2000.net%3E,[users@httpd] Apache22 not starting - is this a SSL from ports bug?,mailing_list
6dcf7c3784be83867994adf13f7dce18.conf,2.2,http://serverfault.com/questions/219999/apache-wont-accept-external-requests,apache wont accept external requests,serverfault.com
e031b6180e2429554fada5f56573fb5f.conf,2.2.3,http://serverfault.com/questions/438538/issues-with-apache-redirect-to-www-prefixed-url,issues with apache redirect to www prefixed url,serverfault.com
cebafbb371598bf84ad1873b68bedb3f.conf,2.2.15,http://stackoverflow.com/questions/21959611/when-i-change-allowoverride-to-all-in-httpd-conf-apache-will-no-longer-parse-php,when i change allowoverride to all in httpd conf apache will no longer parse php,stackoverflow.com
39d94861cb90e627cddff24cf8ba47a6.conf,2.2.8,http://mail-archives.apache.org/mod_mbox/httpd-users/200905.mbox/%3C3733A9C3AB40C64A8E0A141E0768A50523BCAE303A@mail1.impetus.co.in%3E,[users@httpd] FW: Thread related configuration in APACHE(2.2.8) httpd.conf,mailing_list
0681ecda5caa88b6ca86fa7cc9385662.conf,2.2,http://stackoverflow.com/questions/8892934/apache-configuration-performance-for-django,apache configuration performance for django,stackoverflow.com
7ef8b4cef0fd4935a500506fb2378852.conf,2.2,http://stackoverflow.com/questions/14177926/xampp-not-responding-when-starting-apache,xampp not responding when starting apache,stackoverflow.com
f4b71485a431f02f5f14ab95caa53406.conf,2.2,http://marc.info/?l=apache-httpd-users&m=121386702023792,Re: [users@httpd] how to make apache http server accessible to,mailing_list
24f6cb29f0593ecbf1840f3754eda647.conf,2.2.22,http://mail-archives.apache.org/mod_mbox/httpd-users/201209.mbox/%3C361F495FA40ABD4D8506D1F31F403E1901A1AB@WKUTLMSGHMCP06.wkglobal.com%3E,"[users@httpd] httpd 2.2.22, mod_jk, open_ssl, does not appear to be running secure",mailing_list
e62346afcadc3e450821bbb9bfed4636.conf,2.2,http://mail-archives.apache.org/mod_mbox/httpd-users/200812.mbox/%3CBLU119-DS5F06BFC7DDAE313C2DC17EBF40@phx.gbl%3E,RE: syntax error,mailing_list
606e049aa9d712b29edd836326666e00.conf,2.2.17,http://stackoverflow.com/questions/5953803/wamp-server-available-over-wireless-network,wamp server available over wireless network,stackoverflow.com
018c3c05914246c046a34a4553cb0e66.conf,2.2.21,http://serverfault.com/questions/339503/virtual-hosts-not-working,virtual hosts not working,serverfault.com
74e4e132d23a67cb6b6e7069bf17c3c8.conf,2.2,http://stackoverflow.com/questions/14226066/ubd-process-interfering-with-mamp-at-port-80,ubd process interfering with mamp at port 80,stackoverflow.com
51106868d38321b9a72dbcabd9e2ea55.conf,2.2,http://stackoverflow.com/questions/10524004/why-is-my-cpu-high-when-using-many-curl-requests-which-are-waiting-for-response,why is my cpu high when using many curl requests which are waiting for response,stackoverflow.com
39956a4036373b4acce063b9a6a9bc12.conf,2.2,http://serverfault.com/questions/489954/parallels-apache-stopped-loading-virtual-host-config-files,parallels apache stopped loading virtual host config files,serverfault.com
b9290f74d816891511c242c426118c3e.conf,2.2.21,http://stackoverflow.com/questions/11537539/suddenly-wamp-server-has-stopped-working-with-error-403,suddenly wamp server has stopped working with error 403,stackoverflow.com
95819299b21d506698c5518a1437d030.conf,2.2,http://stackoverflow.com/questions/20863416/cant-connect-to-apache-from-anywhere-but-local-host,cant connect to apache from anywhere but local host,stackoverflow.com
55a32bb153ce0e539826dcd90254fab5.conf,2.2.13,http://serverfault.com/questions/118027/cant-get-ssl-to-work-with-svn-apache2-on-windows-xp,cant get ssl to work with svn apache2 on windows xp,serverfault.com
5a4e0d181743a4f78e8d65a1dcd802f6.conf,2.2.22,http://serverfault.com/questions/504893/mongrel-over-mod-proxy-unacceptably-slow,mongrel over mod proxy unacceptably slow,serverfault.com
16e781cfdf86fa8f18bdd10ef9c7cc32.conf,2.2,http://serverfault.com/questions/322328/how-to-solve-403-forbidden-on-centos6-with-selinux-disabled,how to solve 403 forbidden on centos6 with selinux disabled,serverfault.com
8a3736591450e9359a590128acc023d1.conf,2.2.17,http://serverfault.com/questions/253643/apachehome-server-and-no-page-loading,apachehome server and no page loading,serverfault.com
7fb0eb918fc698525684c835376d2b3b.conf,2.2,http://serverfault.com/questions/292990/apache-mod-wsgi-python-django-error-405-on-form-submission,apache mod wsgi python django error 405 on form submission,serverfault.com
0cfe0da88e3a1dbffc0a3192242f74c8.conf,2.2,http://stackoverflow.com/questions/13812177/wordpress-localhost-admin-saving-the-requested-url-was-not-found-on-this-serv,wordpress localhost admin saving the requested url was not found on this serv,stackoverflow.com
f1994b5d8b3f59b0c4b570f394d19ad1.conf,2.2,http://mail-archives.apache.org/mod_mbox/httpd-users/201011.mbox/%3C3191B900F51A704A905B2DFA379F28E429A96F@tvd.trumanvandyke.local%3E,"[users@httpd] Rails via mongrel, always getting 404",mailing_list
a0449f8611aaf4914eca88a16cad4311.conf,2.2,http://serverfault.com/questions/540628/cant-access-my-external-ip-address-outside-of-my-lan-apache-server-on-os-x,cant access my external ip address outside of my lan apache server on os x,serverfault.com
3fed89c7d226548aad2782b45fea5ae2.conf,2.2,http://stackoverflow.com/questions/7102544/symbolic-link-not-allowed-or-link-target-not-accessible-on-fresh-installed-xam,symbolic link not allowed or link target not accessible on fresh installed xam,stackoverflow.com
db90f47d596b05450c377c78063d8c45.conf,2.2,http://stackoverflow.com/questions/11584723/sslengine-on-causing-apache-server-failure,sslengine on causing apache server failure,stackoverflow.com
11c943d1b00093f03f8cc7fb0efd5406.conf,2.2.0,http://mail-archives.apache.org/mod_mbox/httpd-users/200603.mbox/%3C20060303150922.cbab25ad.nick@nickwithers.com%3E,[users@httpd] <Location (...)> Directive Under HTTPS,mailing_list
0108751ead7493f46646d8768d63e874.conf,2.2,http://stackoverflow.com/questions/13839680/1-is-not-a-valid-win32-application-on-apache-server,1 is not a valid win32 application on apache server,stackoverflow.com
3c175f16ebaf3bdb817b1b664db1f37e.conf,2.2.15,http://serverfault.com/questions/473521/httpd-server-slows-down-then-goes-unresponsive,httpd server slows down then goes unresponsive,serverfault.com
7e43e13341803b32f89596349f289dc7.conf,2.2.3,http://stackoverflow.com/questions/18867319/curl-35-unknown-ssl-protocol-error-in-connection-to-aduroid-adu-edu-tr443,curl 35 unknown ssl protocol error in connection to aduroid adu edu tr443,stackoverflow.com
0619e0a359632c8275f98b0d8b6d0b57.conf,2.2.22,http://stackoverflow.com/questions/15146042/silex-setup-fails-with-mamp-because-mod-access-so-is-not-found,silex setup fails with mamp because mod access so is not found,stackoverflow.com
bffaf77e16b47d31430b2105bcbd7876.conf,2.2,http://stackoverflow.com/questions/14516740/clean-urls-issue-using-htaccess-in-php-laravel-project,clean urls issue using htaccess in php laravel project,stackoverflow.com
6f3656e4d3488520fe73b79c3d0be5c6.conf,2.2,http://stackoverflow.com/questions/20642367/struggling-with-django-hierarchy-not-serving-admin-css,struggling with django hierarchy not serving admin css,stackoverflow.com
81f633aca1f033e930e9edb392403bb0.conf,2.2.22,http://serverfault.com/questions/441722/apache-2-2-on-mountain-lion-ignoring-proxypass-and-sending-request-to-documentro,apache 2 2 on mountain lion ignoring proxypass and sending request to documentro,serverfault.com
65a7c15027260946e16a72e88b95dec3.conf,2.2.8,http://serverfault.com/questions/430677/git-apache-unable-to-push-via-http,git apache unable to push via http,serverfault.com
de2f2a6ac31ba0e962daad1af1870d90.conf,2.2,http://serverfault.com/questions/431089/how-do-i-set-up-ssl-in-zend-server,how do i set up ssl in zend server,serverfault.com
af5dbfdc37659865909f29ec75bdf352.conf,2.2,http://serverfault.com/questions/236402/enable-shibboleth-for-single-ssl-virtual-host-on-server-with-many-vhosts,enable shibboleth for single ssl virtual host on server with many vhosts,serverfault.com
b236e448309b918ee8c1ac306d605724.conf,2.2.11,http://stackoverflow.com/questions/2330416/cakephp-httpd-conf-issues-on-windows-based-apache-server-wamp,cakephp httpd conf issues on windows based apache server wamp,stackoverflow.com
2fc85b4ceac18ed573773c6041c86f04.conf,2.2,http://stackoverflow.com/questions/21770951/how-to-add-virtual-directores-and-allow-access-to-pages-in-apache-server,how to add virtual directores and allow access to pages in apache server,stackoverflow.com
42d5c13f12b4b1ce00f76c0a33b2ab94.conf,2.2.17,http://mail-archives.apache.org/mod_mbox/httpd-users/201108.mbox/%3CCAKhN_m6gAh_rRp=ZAQusmWXJcP8=Z-OqmRs68QfxZnsFmgk-pg@mail.gmail.com%3E,[users@httpd] mod_proxy SSL forward proxy,mailing_list
48b943d2ded4b5a64b0ec59a4490ac27.conf,2.2.15,http://stackoverflow.com/questions/22013375/how-to-perl-cgi-script-in-apache-web-sever,how to perl cgi script in apache web sever,stackoverflow.com
d4972138c6ed033743f5ba64775cded2.conf,2.2.11,http://mail-archives.apache.org/mod_mbox/httpd-users/200903.mbox/%3CDC608F183CF75842ABC379082B6AF3CD20EA6CD1@uk-site1-ex00.net.satemail.com%3E,[users@httpd] Error updating cache on Windows,mailing_list
466a53930c3ec5d63a10ef4668e07fba.conf,2.2,http://stackoverflow.com/questions/3352051/tomcat6-behind-apache2-2-proxy-with-ssl,tomcat6 behind apache2 2 proxy with ssl,stackoverflow.com
d3fa4ece3a5f4ed3a4eba89a4cad1c97.conf,2.2.4,http://mail-archives.apache.org/mod_mbox/httpd-users/200703.mbox/%3COF439E8A33.204F71EE-ON8825729C.005D2B1D-8825729C.007CD33C@cob.org%3E,[users@httpd] Reverse proxying errors,mailing_list
d9a6df1fd63415a84a705e211aa98157.conf,2.2,http://serverfault.com/questions/340356/apache-shows-it-works-whats-wrong-with-my-virtual-host-definition,apache shows it works whats wrong with my virtual host definition,serverfault.com
5f7b5dd98e3d0009298c91b05d7cae60.conf,2.2,http://serverfault.com/questions/493094/how-to-reverse-proxy-specific-ports-to-a-different-server-behind-a-firewall-usin,how to reverse proxy specific ports to a different server behind a firewall usin,serverfault.com
74b81dfc4efcf321ac3fe24d11554e60.conf,2.2.16,http://markmail.org/message/kig63e3hnnii6e5k#query:+page:1+mid:hsratj5zlprsrnbm+state:results,[users@httpd] Looking for a superminimalist configuration for serving static pages only.,mailing_list
90ae873e6458387c2d47a8242b24b2ef.conf,2.2,http://stackoverflow.com/questions/10873295/error-message-forbidden-you-dont-have-permission-to-access-on-this-server,error message forbidden you dont have permission to access on this server,stackoverflow.com
c5026ea348e2589f42db68706d38401b.conf,2.2.10,http://mail-archives.apache.org/mod_mbox/httpd-users/200810.mbox/%3C48FCB103.7010607@teksavvy.com%3E,[users@httpd] startup problem: httpd-2.2.10 and undefined symbol: dav_push_error,mailing_list
340c0f3fc166f4324120f63da936d8a5.conf,2.2,http://serverfault.com/questions/218260/configure-apache-to-reverse-proxy-for-specific-name,configure apache to reverse proxy for specific name,serverfault.com
7a0cf09bc23e08e002dc947d7dc4d125.conf,2.2,http://stackoverflow.com/questions/8736533/apache2-htaccess-is-being-ignored,apache2 htaccess is being ignored,stackoverflow.com
0e686eec007988f6fc5dcd3903db7d51.conf,2.2,http://marc.info/?l=apache-httpd-users&m=118506571114941&w=2,"[users@httpd] ""AddDefaultCharset not allowed here"" Error",mailing_list
bb2b45ca20e3605ba44e5ece48192326.conf,2.2.3,http://mail-archives.apache.org/mod_mbox/httpd-users/200810.mbox/%3Cf40bef050809301732g3cfb7dedqbfd99373d01ba274@mail.gmail.com%3E,[users@httpd] Proxy to Tomcat AJP,mailing_list
0b7beb5dea8d94a88e6bcd9d8d070e1b.conf,2.2.4,http://mail-archives.apache.org/mod_mbox/httpd-users/200705.mbox/%3C10351375.post@talk.nabble.com%3E,[users@httpd] Config help: PHP as FASTcgi on Windows2003 OS,mailing_list
6f60eeccba798845fb8c9a6f33515188.conf,2.2,http://serverfault.com/questions/304746/apache2-on-slackware-virtualhost-config-connection-refused-on-port-8080,apache2 on slackware virtualhost config connection refused on port 8080,serverfault.com
28e6cdafc8fa10495a1b75b253383d3f.conf,2.2,http://serverfault.com/questions/315075/setting-up-mono-asp-net-4-0-on-apache2-ubuntu-virtual-hosts,setting up mono asp net 4 0 on apache2 ubuntu virtual hosts,serverfault.com
10a56251d1052511bae67bc118f91a80.conf,2.2,http://mail-archives.apache.org/mod_mbox/httpd-users/201203.mbox/%3CCAHP4M8Xb9ZdRF8jNVimCGoG+=O4RaHLajhc4ve3FYpM6L4pgUg@mail.gmail.com%3E,"[users@httpd] Problems in setting up a ""HTTPS"" based WebDAV server",mailing_list
38188b01761e6fcce03707d21de93776.conf,2.2,http://stackoverflow.com/questions/21388978/apache-not-returning-index-php-as-default,apache not returning index php as default,stackoverflow.com
4630a9b86dcc039d0db74aa6e886a4f2.conf,2.2,http://serverfault.com/questions/447740/apache-httpd-conf-error,apache httpd conf error,serverfault.com
4dfc2c4e62367e56008c258278b697f5.conf,2.2,http://stackoverflow.com/questions/10061765/passenger-showing-index-of-folder-rather-than-rendering-site-with-rails,passenger showing index of folder rather than rendering site with rails,stackoverflow.com
ebf616ba9aaba897a3aab4aed650c2be.conf,2.2.0,http://mail-archives.apache.org/mod_mbox/httpd-users/200605.mbox/%3C32771.24.4.172.119.1147445706.squirrel@www.hornetsystems.net%3E,[users@httpd] Web Server Performace Issues,mailing_list
b99420f8835cbfc76546d8784f43bd85.conf,2.2.17,http://serverfault.com/questions/438241/http-conf-setup-to-simplify-using-localhost81,http conf setup to simplify using localhost81,serverfault.com
e5882ea91e8a38e5cd2227b16b6ea510.conf,2.2,http://serverfault.com/questions/308129/directory-index-forbidden-by-options-directive-var-www-html,directory index forbidden by options directive var www html,serverfault.com
41505ed9122ef231e690874f1378739c.conf,2.2,http://stackoverflow.com/questions/20225253/mod-mono-server-doesnt-host-the-webpages-placed-in-var-www-html-and-displays-a,mod mono server doesnt host the webpages placed in var www html and displays a,stackoverflow.com
a697026f99fa9621563baa3213ecc77e.conf,2.2.22,http://mail-archives.apache.org/mod_mbox/httpd-users/201211.mbox/%3C53CC2A8E-DB0E-40C2-9AB3-DD4607465667@filemaker.com%3E,[users@httpd] Error in accessing the home page,mailing_list
ce5519d85998fda3f42d97e6a28fae77.conf,2.2,http://serverfault.com/questions/50416/problem-with-svnapache-ssl-sspi-and-large-commits-imports,problem with svnapache ssl sspi and large commits imports,serverfault.com
a715f3d5325044bb2901093733084866.conf,2.2,http://stackoverflow.com/questions/17677140/configuration-apache,configuration apache,stackoverflow.com
718ef93ee5c2d9049a9482a41f436b17.conf,2.2,http://stackoverflow.com/questions/10291592/strip-cache-control-with-an-apache-proxy,strip cache control with an apache proxy,stackoverflow.com
b837040da8a20957ab34ca62c7c18278.conf,2.2,http://stackoverflow.com/questions/15440182/ive-followed-a-few-guides-and-my-local-drupal-7-multisite-is-still-not-working,ive followed a few guides and my local drupal 7 multisite is still not working,stackoverflow.com
8ce9dae704bd56681c73e69d81fe3d71.conf,2.2.9,http://mail-archives.apache.org/mod_mbox/httpd-users/200809.mbox/%3C48C3C34C.1040807@ita.org.mo%3E,Re: [users@httpd] HTTP Server 2.2.9 - Unable to view the files from IE,mailing_list
bfa90e3ea7568e28da7d3221e48c4b37.conf,2.2,http://serverfault.com/questions/204954/apache-process-count-spike-bringing-vm-to-its-knees,apache process count spike bringing vm to its knees,serverfault.com
7f079005bae8553c4bc80c70102c92e5.conf,2.2,http://stackoverflow.com/questions/7157119/my-localhost-apache-server-isnt-showing-my-index-html,my localhost apache server isnt showing my index html,stackoverflow.com
9f52ecc9b5f8f1be162575164bdb5ba0.conf,2.2.10,http://mail-archives.apache.org/mod_mbox/httpd-users/201007.mbox/%3CAANLkTi=YOkqs4zX2a5ipHffr802mC4uZAiqMODnLiRig@mail.gmail.com%3E,[users@httpd] apache 2.2.10 can't use virtualhost with ssl,mailing_list
2f78fb7a5b28fc31f76c2a955d70f639.conf,2.2,http://mail-archives.apache.org/mod_mbox/httpd-users/200607.mbox/%3C44C5156B.4020408@firebadger.net%3E,Re: [users@httpd] Apache 2 SSL - Install Question (httpd.conf included [cutdown]),mailing_list
060309189dffb44f73e379798593003e.conf,2.2,http://serverfault.com/questions/251546/wordpress-pretty-permalinks-not-working,wordpress pretty permalinks not working,serverfault.com
e810baf744698a76f5573533fc408927.conf,2.2.26,http://stackoverflow.com/questions/20807248/apache-error-libphp5-so-undefined-symbol-php-output-write,apache error libphp5 so undefined symbol php output write,stackoverflow.com
8698d4de50bd253816b83ec3737784cf.conf,2.2.19,http://serverfault.com/questions/276814/apache-main-site-keeps-redirecting-to-virtualhost,apache main site keeps redirecting to virtualhost,serverfault.com
1de8fe9c2ae620ae05d08469cce4a207.conf,2.2,http://stackoverflow.com/questions/8791405/apacherubyredmine-i-cant-access-redmine-remotely-only-localhost,apacherubyredmine i cant access redmine remotely only localhost,stackoverflow.com
05ff0a1eca8217d6ccc26d5b0479f3f5.conf,2.2.12,http://stackoverflow.com/questions/2443115/apache-mod-rewrite-tomcat-encoding-26-and,apache mod rewrite tomcat encoding 26 and,stackoverflow.com
58b9fdb283a4092c76c5a606dcd79fea.conf,2.2,http://mail-archives.apache.org/mod_mbox/httpd-users/201109.mbox/%3Cf24d4310-ca1b-4b4e-a647-47b4023da13a@li289-212%3E,[users@httpd] Directory index forbidden by Options directive,mailing_list
d4d3b8682603867ff4f8116705faa433.conf,2.2.21,http://serverfault.com/questions/366622/wamp-2-2-loads-index-file-on-host-machine-through-ip-but-not-on-network-machi,wamp 2 2 loads index file on host machine through ip but not on network machi,serverfault.com
9a8e04da9c86acca55ce3650d79acba1.conf,2.2,http://serverfault.com/questions/419462/vhost-file-not-bring-recognised-by-apache,vhost file not bring recognised by apache,serverfault.com
a059bfedadf2fed10e1ef04d59ea88bf.conf,2.2,http://mail-archives.apache.org/mod_mbox/httpd-users/200907.mbox/%3C200907150331.34945.fakessh@fakessh.eu%3E,Re: [users@httpd] problem with cgi perl,mailing_list
06d6e5eed9748455713e0cd2fbd9a1a6.conf,2.2.11,http://mail-archives.apache.org/mod_mbox/httpd-users/200903.mbox/%3CA6052D36-D2CE-488F-844C-826B30097D4D@octopart.com%3E,Re: [users@httpd] SSL ERRORS,mailing_list
b7d45beb2e22b55d7d096fa6658332da.conf,2.2.2,http://mail-archives.apache.org/mod_mbox/httpd-users/200608.mbox/%3COF3D6C68E0.1F8D8F3D-ON802571D8.00745340@uk.ibm.com%3E,[users@httpd] Unable to start Apache/2.2.2 - http: bad user name daemon,mailing_list
511bf81cd7a281288f94a013738c7515.conf,2.2.22,http://serverfault.com/questions/490324/wamp-different-sites-on-different-ports-accessible-on-lan,wamp different sites on different ports accessible on lan,serverfault.com
f4cf8c6d80b852f6e53127f8054ecb40.conf,2.2.3,http://mail-archives.apache.org/mod_mbox/httpd-users/200609.mbox/%3C6286370.post@talk.nabble.com%3E,[users@httpd] More Virtual Host problems,mailing_list
1a10c95dfc20fdb38c06564a3a8a1777.conf,2.2.21,http://serverfault.com/questions/340366/htaccess-isnt-working-on-win-xp,htaccess isnt working on win xp,serverfault.com
e10085173e334eefc0b0f24aa78be0cf.conf,2.2.6,http://mail-archives.apache.org/mod_mbox/httpd-users/200904.mbox/%3C802236.87477.qm@web54603.mail.re2.yahoo.com%3E,Re: [users@httpd] HTTP misconfiguration?,mailing_list
e877fbc5ce1b99694b79a3730ea6fc55.conf,2.2,http://serverfault.com/questions/503795/apache-httpd-conf-subdomain-setting-cause-500,apache httpd conf subdomain setting cause 500,serverfault.com
0503bafa8840e89fc73034b4351eb161.conf,2.2,http://serverfault.com/questions/280790/large-concurrent-user-performance-issues-for-apache-mod-jk-glassfish-v3-1-cl,large concurrent user performance issues for apache mod jk glassfish v3 1 cl,serverfault.com
0032f8b60ec11bebfef7e7d2a0de7f1a.conf,2.2,http://mail-archives.apache.org/mod_mbox/httpd-users/201302.mbox/%3CCAB_02HMKcd-xE1kNMWstep10zAF4Rz_rA3KUd2qpKAKr9xUpyg@mail.gmail.com%3E,[users@httpd] 403 error for subsite using htaccess,mailing_list
e991ad4c3362fd146571446431926b49.conf,2.2,http://serverfault.com/questions/300367/too-much-apache2-processes-that-make-webserver-stop-responding,too much apache2 processes that make webserver stop responding,serverfault.com
72403ea740bfdf9b08330b5ac288b73e.conf,2.2.17,http://stackoverflow.com/questions/6443369/mod-rewrite-not-working-for-apache-2-2-on-windows-7,mod rewrite not working for apache 2 2 on windows 7,stackoverflow.com
a7ce1337828f021a250ead67fa05f543.conf,2.2,http://serverfault.com/questions/156581/very-slow-apache-on-windows-7,very slow apache on windows 7,serverfault.com
e888a87a8cc48194a3e65f38064a3174.conf,2.2.9,http://marc.info/?l=apache-httpd-users&m=126339231606404,[users@httpd] TAG <Location> and ldap_auth,mailing_list
ff4e131a77d827d6ebafd719b3bc0cd1.conf,2.2,http://serverfault.com/questions/505726/centos-apache-tomcat-ssl-using-mod-jk,centos apache tomcat ssl using mod jk,serverfault.com
32437902fb1bb1a4fcc1cd234b881b8b.conf,2.2,http://stackoverflow.com/questions/19805488/httpd-ssl-conf-not-working-php,httpd ssl conf not working php,stackoverflow.com
f53e716d17490fbb97c9d07a444f1e63.conf,2.2,http://serverfault.com/questions/502631/apache-reverse-proxy-causing-40-second-delay-on-first-access-after-idle,apache reverse proxy causing 40 second delay on first access after idle,serverfault.com
47f008f26bd137c9e01b280e2715e6a5.conf,2.2,http://serverfault.com/questions/444629/getting-403-on-apache-with-php-on-fedora-17,getting 403 on apache with php on fedora 17,serverfault.com
03b910486853ca779c4931778fe5583b.conf,2.2,http://serverfault.com/questions/113853/getting-mod-rewrite-working-on-os-x-snow-leopard,getting mod rewrite working on os x snow leopard,serverfault.com
454ca07089062ee458b35427c6d9d4e3.conf,2.2,http://serverfault.com/questions/456789/svn-active-directory-authentication-with-proxypass-redirect-in-the-mix,svn active directory authentication with proxypass redirect in the mix,serverfault.com
7a26c399c205d01869ee39c5a8615c3d.conf,2.2.3,http://mail-archives.apache.org/mod_mbox/httpd-users/200910.mbox/%3COFE20ED3C1.B18D5FAF-ON80257648.002C42F1-80257648.002FF5BA@cardifpinnacle.com%3E,[users@httpd] apache ldap binding issue,mailing_list
4e91a371588f99349cd84a28f349fe09.conf,2.2.6,http://mail-archives.apache.org/mod_mbox/httpd-users/201003.mbox/%3Ca60f25fc1003301350n781325a8udb14725aabe86815@mail.gmail.com%3E,[users@httpd] apache2 failing to start,mailing_list
70fbe803d93efcfaf063c75e421481af.conf,2.2,http://serverfault.com/questions/389920/apache-wont-start-unable-to-find-ipv4-address-of-none,apache wont start unable to find ipv4 address of none,serverfault.com
b4bf58711e7979b26af6e0a721e5707b.conf,2.2.10,http://mail-archives.apache.org/mod_mbox/httpd-users/200903.mbox/%3C75240970903060958q5f614f5cjbded7cc58a6eebed@mail.gmail.com%3E,Re: [users@httpd] Apache 2.2.10 web server issue with HPUX,mailing_list
2aa968c51d76ffb0dad3eda7ca762d25.conf,2.2,http://stackoverflow.com/questions/20164133/routing-with-htaccess-and-laravel,routing with htaccess and laravel,stackoverflow.com
efbf6ae5db1118cfe8b55c738bca49a1.conf,2.2.3,http://mail-archives.apache.org/mod_mbox/httpd-users/200804.mbox/%3C47F1A570.8090101@gmail.com%3E,[users@httpd] Apache 2.2.3 - Delayed response,mailing_list
31ad365aabda9322bccd5fbaf0abfc75.conf,2.2,http://serverfault.com/questions/292749/apache-2-virtual-hosts-no-working-on-osx-10-6,apache 2 virtual hosts no working on osx 10 6,serverfault.com
2ddc4d6ebd6cc25b46d0e71511e86f54.conf,2.2.3,http://mail-archives.apache.org/mod_mbox/httpd-users/200904.mbox/%3Cb620380c0904021312p4fc9d814xa90cb94bde2a28db@mail.gmail.com%3E,[users@httpd] Memory Leak (configuration problem),mailing_list
0c81964ff5d7270ed129542e4930b235.conf,2.2.17,http://stackoverflow.com/questions/5792295/problems-with-getting-mod-wsgi-to-work-with-apache,problems with getting mod wsgi to work with apache,stackoverflow.com
1420455ba14f1315d0e7c720c570d19c.conf,2.2.15,http://mail-archives.apache.org/mod_mbox/httpd-users/201005.mbox/%3C4CC620A59F405B4A8FA2C2A554AA26752FE5A042@XCH-SW-02V.sw.nos.boeing.com%3E,[users@httpd] Trouble w/ password protecting cgi-bin dir after upgrading from Apache 2.0.55 to 2.2.15,mailing_list
2c142040eae75dec1b6484d989a09bd6.conf,2.2,http://serverfault.com/questions/560113/nagios-not-found-error,nagios not found error,serverfault.com
fd653a05981d215a9fd9e023271a031c.conf,2.2,http://stackoverflow.com/questions/18914454/mod-rewrite-to-index-php-fails,mod rewrite to index php fails,stackoverflow.com
51f80091680d4cc2c679f88b953f578c.conf,2.2.8,http://marc.info/?l=apache-httpd-users&m=122695150518243&w=2,[users@httpd] httpd 2.2.8 not responding to client requests,mailing_list
3e25d770b95d2dc26d54e552b92ec910.conf,2.2.24,http://serverfault.com/questions/512450/upgrading-to-apache-2-4-scriptalias-action-dont-work,upgrading to apache 2 4 scriptalias action dont work,serverfault.com
f6f53d480b538f9863221eb4f9d6b93f.conf,2.2.x,http://mail-archives.apache.org/mod_mbox/httpd-users/201106.mbox/%3CBANLkTik8AE5UH69+AhygD0YfmGsoMtsa9w@mail.gmail.com%3E,[users@httpd] apache 403 no error information provided,mailing_list
e6b0811cbfc2f59eda332dab9f8dfb6b.conf, 2.2.22,http://stackoverflow.com/questions/14943888/apache2-zendserver-php-controller-url-request-gives-404-not-found,apache2 zendserver php controller url request gives 404 not found,stackoverflow.com
3065f3cf8e122ee382da79f91f86bd53.conf,2.2,http://serverfault.com/questions/162777/nginx-apache-subdomain-redirection-fault,nginx apache subdomain redirection fault,serverfault.com
7c8952b54aaaf4570cd8052f4e90e013.conf,2.2,http://serverfault.com/questions/557188/httpd-13-permission-denied-access-to-denied,httpd 13 permission denied access to denied,serverfault.com
2f88d6c06e97322fae59fb0677aa8013.conf,2.2,http://serverfault.com/questions/285964/apache2-400-bad-request-with-rewrite-rules-nothing-in-error-log,apache2 400 bad request with rewrite rules nothing in error log,serverfault.com
93a05dd7a143ec9849e7181716d9644c.conf,2.2.21,http://stackoverflow.com/questions/10392741/images-css-and-other-links-not-working-on-wamp-virtual-host,images css and other links not working on wamp virtual host,stackoverflow.com
86b93285157d85abb66ac70d0d22dd8a.conf,2.2.21,http://stackoverflow.com/questions/9395187/403-500-error-on-apache-server-when-using-htaccess,403 500 error on apache server when using htaccess,stackoverflow.com
614f4dc1d403cf8cef996ce3fda58f67.conf,2.2.9,http://stackoverflow.com/questions/766802/apache-refusing-connections,apache refusing connections,stackoverflow.com
20cac88097c451526f3afe76e9c98563.conf,2.2,http://serverfault.com/questions/543526/apache-thread-bottleneck-how-to-improve,apache thread bottleneck how to improve,serverfault.com
7853d8cca19e8707d7f97846dc5e726c.conf,2.2.24,http://stackoverflow.com/questions/21385818/apache-authtype-not-set-internal-500-error,apache authtype not set internal 500 error,stackoverflow.com
0cb5cbd94a55c1b085009b6a891fb721.conf,2.2,http://stackoverflow.com/questions/12993858/setting-up-python-in-ampps-internal-server-error,setting up python in ampps internal server error,stackoverflow.com
13515449580e81e19748a0a983d8eeb5.conf,2.2,http://serverfault.com/questions/310165/fine-tuning-django-apache-mod-wsgi,fine tuning django apache mod wsgi,serverfault.com
0f757b203d8b87a73e12cda640d77ccc.conf,2.2,http://mail-archives.apache.org/mod_mbox/httpd-users/200703.mbox/%3C8d38ca0a0703252008m1173d347o682449e374d73c8f@mail.gmail.com%3E,[users@httpd] help needed with reverse proxies setup,mailing_list
764ee336de9f3b486ec157045f95da70.conf,2.2,http://mail-archives.apache.org/mod_mbox/httpd-users/200612.mbox/%3C20061223010616.rhdh0uplkcg4cwk0@mail.orbitel.bg%3E,[users@httpd] Cannot download files from Apache2.2 webserver.,mailing_list
393a35083476b80f48ff57747ff6ceda.conf,2.2.21,http://serverfault.com/questions/413388/showing-outdated-information-when-using-wamp-as-local-server,showing outdated information when using wamp as local server,serverfault.com
418a6431390f5bdbd2fd223ea2c5eac6.conf,2.2.4,http://mail-archives.apache.org/mod_mbox/httpd-users/200702.mbox/%3C45CCF6B3.4070204@enabled.com%3E,[users@httpd] starting apache results an error,mailing_list
cf39619776d83f87151b7b5318c03500.conf,2.2.14,http://mail-archives.apache.org/mod_mbox/httpd-users/201001.mbox/%3C8b7257c51001270422i2c1d3db6r829c4fddbdb1def2@mail.gmail.com%3E,Re: [users@httpd] Runaway Apache Process,mailing_list
d43121ba33dad4023478fc08606417d0.conf,2.2,http://stackoverflow.com/questions/18900951/wordpress-throws-403-forbidden-error-on-wamp-apache-when-enabled-permalink,wordpress throws 403 forbidden error on wamp apache when enabled permalink,stackoverflow.com
03edc75432374ce6e9e063e1cd601425.conf,2.2,http://mail-archives.apache.org/mod_mbox/httpd-users/201106.mbox/%3C00a301cc2555$dc65aac0$95310040$@com%3E,[users@httpd] Apache 2.2 connections full,mailing_list
9db0da1274f122f73116cf76fb305c07.conf,2.2,http://stackoverflow.com/questions/18588157/apachemod-wsgi-stopped-working-remotely,apachemod wsgi stopped working remotely,stackoverflow.com
c1a15f64cab66142c3198ac404305041.conf,2.2,http://stackoverflow.com/questions/7584876/apache-2-the-requested-url-was-not-found-on-this-server,apache 2 the requested url was not found on this server,stackoverflow.com
7a7166f9bf3037c4af48cd728b37d2c9.conf,2.2,http://mail-archives.apache.org/mod_mbox/httpd-users/200901.mbox/%3C1231179687.22456.4.camel@your-ab6cd29f8e.home%3E,Re: [users@httpd] help I do not understand,mailing_list
25c76ffcbf9d19467ee0fbf04a7621a6.conf,2.2,http://static-173-79-223-25.washdc.fios.verizon.net/?l=apache-httpd-users&m=117248729910270&w=4, [users@httpd] Apache 2.2 utilize more physical  memory than apache 1.3,mailing_list
5cafc054a2b1dced507ca2828b51a57e.conf,2.2,http://serverfault.com/questions/188475/can-anyone-help-me-make-my-reverse-proxy-actually-cache,can anyone help me make my reverse proxy actually cache,serverfault.com
28a46d14813219841e29a32c3ef43a95.conf,2.2.17,http://stackoverflow.com/questions/5346479/need-help-setting-up-apache-on-centos-5-5-getting-403,need help setting up apache on centos 5 5 getting 403,stackoverflow.com
b997250905a66acb647c15764b262b42.conf,2.2,http://serverfault.com/questions/130529/files-deleted-what-could-have-happened,files deleted what could have happened,serverfault.com
5fb3261cb7c0801f96549eff41f5bb70.conf,2.2,http://serverfault.com/questions/560116/missing-modules-in-apache-2-2,missing modules in apache 2 2,serverfault.com
8fda45f63028955f09aaf09ab4aca09e.conf,2.2,http://serverfault.com/questions/406970/need-help-running-cgi-scripts-on-mac-os-x-apache,need help running cgi scripts on mac os x apache,serverfault.com
7d8e3ae20dae5fc16798d2128674d33a.conf,2.2,http://serverfault.com/questions/151261/problems-with-apache-on-snow-leopard,problems with apache on snow leopard,serverfault.com
3ca755e96ab3a1854a4253d7ac357f19.conf,2.2,http://serverfault.com/questions/280362/kloxo-apache-problems,kloxo apache problems,serverfault.com
5b112fe986ec946b80db23a22ef17c95.conf,2.2,http://stackoverflow.com/questions/21345541/mod-rewrites-not-working-even-though-they-are-loaded,mod rewrites not working even though they are loaded,stackoverflow.com
2530778e8ef1abd03a736a54084ac324.conf,2.2,http://serverfault.com/questions/299101/fine-tune-httpd-conf-server-crashing-after-100-concurrent-connections,fine tune httpd conf server crashing after 100 concurrent connections,serverfault.com
6ad8af711fe5dbf0ade5ce782a30afea.conf,2.2,http://serverfault.com/questions/38937/httpd-conf-for-case-insensitive-file-serving,httpd conf for case insensitive file serving,serverfault.com
ff84734bae4f845b54ea9bdf226a2c71.conf,2.2,http://stackoverflow.com/questions/18883243/apache2-do-not-get-right-path,apache2 do not get right path,stackoverflow.com
cb108e33cb357d8783a50cd0faf25514.conf,2.2,http://stackoverflow.com/questions/21663309/cannot-access-localhost-to-run-my-php-projects,cannot access localhost to run my php projects,stackoverflow.com
c5e9c22426de179633a063bc994b789e.conf,2.2,http://serverfault.com/questions/548088/https-and-http-issue-on-server-with-ssl,https and http issue on server with ssl,serverfault.com
7c80a90628caea375e5cbaaf5673331f.conf,2.2.2,http://mail-archives.apache.org/mod_mbox/httpd-users/200605.mbox/%3CBAY103-F8BC3C200562756425F911B2A30@phx.gbl%3E,[users@httpd] proxy: error reading status line from remote server,mailing_list
e254b0fab48fe2d0015b23f56520b82c.conf,2.2.6,http://mail-archives.apache.org/mod_mbox/httpd-users/200711.mbox/%3C473069AA.7090103@homechoice.co.uk%3E,[users@httpd] Newbie Alert! Apache 2.2.6 crash on start,mailing_list
ec03a4bcea20bf0e5af14abab55de0bc.conf,2.2,http://serverfault.com/questions/228892/what-is-wrong-with-this-vhost-setting,what is wrong with this vhost setting,serverfault.com
16adb2884bcc0821f9b5db00a59e42b4.conf,2.2.22,http://stackoverflow.com/questions/15229873/django-with-apache-mod-wsgi-configuration,django with apache mod wsgi configuration,stackoverflow.com
590a6d25a4a147d8e9cec3c876371434.conf,2.2,http://serverfault.com/questions/373193/virtual-host-setup-cant-access-wordpress-site-without-www,virtual host setup cant access wordpress site without www,serverfault.com
